Run,ReleaseDate,LoadDate,spots,bases,spots_with_mates,avgLength,size_MB,AssemblyName,download_path,Experiment,LibraryName,LibraryStrategy,LibrarySelection,LibrarySource,LibraryLayout,InsertSize,InsertDev,Platform,Model,SRAStudy,BioProject,Study_Pubmed_id,ProjectID,Sample,BioSample,SampleType,TaxID,ScientificName,SampleName,g1k_pop_code,source,g1k_analysis_group,Subject_ID,Sex,Disease,Tumor,Affection_Status,Analyte_Type,Histological_Type,Body_Site,CenterName,Submission,dbgap_study_accession,Consent,RunHash,ReadHash
SRR5009526,2017-01-09 12:28:26,2016-11-09 18:18:29,101840467,15276070050,101840467,150,9769,,https://sra-download.ncbi.nlm.nih.gov/traces/sra15/SRR/004892/SRR5009526,SRX2340722,SA465_RNA-Seq_unstranded_HiSeq,RNA-Seq,cDNA,TRANSCRIPTOMIC,PAIRED,0,0,ILLUMINA,Illumina HiSeq 2000,SRP091981,PRJNA321560,,321560,SRS1757303,SAMN05919700,simple,9606,Homo sapiens,0.05 uM T3 treated HCT116,,,,,male,,no,,,,,,SRA492450,,public,A9149CDB59CF513EA7FB9FE62510E507,5B3EE4E5891C787106A6FD4F9CEE07BB
SRR5009525,2017-01-09 12:28:26,2016-11-09 18:16:19,93368628,14005294200,93368628,150,6592,,https://sra-download.ncbi.nlm.nih.gov/traces/sra8/SRR/004892/SRR5009525,SRX2340721,SA618_RNA-Seq_stranded_HiSeq,RNA-Seq,cDNA,TRANSCRIPTOMIC,PAIRED,0,0,ILLUMINA,Illumina HiSeq 2500,SRP091981,PRJNA321560,,321560,SRS1757294,SAMN05919721,simple,9606,Homo sapiens,0.2 um KH-CB19 treated HCT116,,,,,male,,no,,,,,,SRA492450,,public,9641ED0E667C8ABADDC78657CB338DD6,0D2E43F068F3DCDE8B994A8A9198F295
SRR5009512,2017-01-09 12:28:26,2016-11-09 17:46:37,1388567,419347234,1388567,302,209,,https://sra-download.ncbi.nlm.nih.gov/traces/sra1/SRR/004892/SRR5009512,SRX2340708,SA503_RNA-Seq_targeted_MiSeq,RNA-Seq,RT-PCR,TRANSCRIPTOMIC,PAIRED,0,0,ILLUMINA,Illumina MiSeq,SRP091981,PRJNA321560,,321560,SRS1757364,SAMN05919707,simple,9606,Homo sapiens,0.5 uM T3 treated 184-hTert,,,,,female,,no,,,,,,SRA492450,,public,7BE2462FB83E22A4848F0D2AFAF40216,2FC34620C2EEC13A12B89FE5A4DD3087
SRR5009513,2017-01-09 12:28:26,2016-12-22 17:13:27,81741,364117066,0,4454,1356,,https://sra-download.ncbi.nlm.nih.gov/traces/sra44/SRR/004892/SRR5009513,SRX2340709,PacBio0.5-1.5-3_RNA-Seq_PacBio_pool11,RNA-Seq,size fractionation,TRANSCRIPTOMIC,SINGLE,0,0,PACBIO_SMRT,PacBio RS,SRP091981,PRJNA321560,,321560,SRS1757302,SAMN05919702,simple,9606,Homo sapiens,0.5 uM T3 treated HCT116,,,,,male,,no,,,,,,SRA492450,,public,A367EC7F048D192D85EC0AD0267D22E1,413D6880BEEAEE2D0BA6FDF67EFA0444
SRR5009519,2017-01-09 12:28:26,2016-12-22 17:12:03,81741,353259228,0,4321,1289,,https://sra-download.ncbi.nlm.nih.gov/traces/sra44/SRR/004892/SRR5009519,SRX2340715,PacBio0.5-3_RNA-Seq_PacBio_pool18,RNA-Seq,size fractionation,TRANSCRIPTOMIC,SINGLE,0,0,PACBIO_SMRT,PacBio RS,SRP091981,PRJNA321560,,321560,SRS1757302,SAMN05919702,simple,9606,Homo sapiens,0.5 uM T3 treated HCT116,,,,,male,,no,,,,,,SRA492450,,public,23A3CF646E22A89EC0764894A049D5C0,3FCE918DEFCC3709C198E280502B4AD4
SRR5009528,2017-01-09 12:28:26,2016-12-22 17:13:14,81741,231016999,0,2826,859,,https://sra-download.ncbi.nlm.nih.gov/traces/sra44/SRR/004892/SRR5009528,SRX2340724,PacBio0.5-1.5_RNA-Seq_PacBio_pool9,RNA-Seq,size fractionation,TRANSCRIPTOMIC,SINGLE,0,0,PACBIO_SMRT,PacBio RS,SRP091981,PRJNA321560,,321560,SRS1757302,SAMN05919702,simple,9606,Homo sapiens,0.5 uM T3 treated HCT116,,,,,male,,no,,,,,,SRA492450,,public,A64DA4D83EF5FD24D3B497B6A7BF251E,25B3BD885568576F49E28755987B3A9C
SRR5009371,2017-01-09 12:28:26,2016-12-21 16:03:04,81741,341392088,0,4176,1280,,https://sra-download.ncbi.nlm.nih.gov/traces/sra44/SRR/004891/SRR5009371,SRX2340567,PacBio0.5-1.5-3_RNA-Seq_PacBio_pool12,RNA-Seq,size fractionation,TRANSCRIPTOMIC,SINGLE,0,0,PACBIO_SMRT,PacBio RS,SRP091981,PRJNA321560,,321560,SRS1757302,SAMN05919702,simple,9606,Homo sapiens,0.5 uM T3 treated HCT116,,,,,male,,no,,,,,,SRA492450,,public,00AFF9E1E3AA9B12BCF86F2F9EEA4A8D,0FB5622CBEF9227A2FACE3B976EE9CAA
SRR5009373,2017-01-09 12:28:26,2016-12-21 15:49:56,81741,268475647,0,3284,1015,,https://sra-download.ncbi.nlm.nih.gov/traces/sra44/SRR/004891/SRR5009373,SRX2340569,PacBio0.5-1.5-3_RNA-Seq_PacBio_pool13,RNA-Seq,size fractionation,TRANSCRIPTOMIC,SINGLE,0,0,PACBIO_SMRT,PacBio RS,SRP091981,PRJNA321560,,321560,SRS1757302,SAMN05919702,simple,9606,Homo sapiens,0.5 uM T3 treated HCT116,,,,,male,,no,,,,,,SRA492450,,public,49629C5B38E2675BC6FBA297CDE51AC1,A66E16655A5DE4F5D8A8105DB84E12DD
SRR5009375,2017-01-09 12:28:26,2016-12-21 15:47:55,81741,288979502,0,3535,1051,,https://sra-download.ncbi.nlm.nih.gov/traces/sra44/SRR/004891/SRR5009375,SRX2340571,PacBio0.5-1.5_RNA-Seq_PacBio_pool10,RNA-Seq,size fractionation,TRANSCRIPTOMIC,SINGLE,0,0,PACBIO_SMRT,PacBio RS,SRP091981,PRJNA321560,,321560,SRS1757302,SAMN05919702,simple,9606,Homo sapiens,0.5 uM T3 treated HCT116,,,,,male,,no,,,,,,SRA492450,,public,0C6649FE8C5D35C7719AF7E825815E49,DD63689F2F5FA2C2F2B5BE02E8B8C463
SRR5009376,2017-01-09 12:28:26,2016-12-21 15:49:27,81741,295645847,0,3616,1088,,https://sra-download.ncbi.nlm.nih.gov/traces/sra44/SRR/004891/SRR5009376,SRX2340572,PacBio0.5-1.5_RNA-Seq_PacBio_pool3,RNA-Seq,size fractionation,TRANSCRIPTOMIC,SINGLE,0,0,PACBIO_SMRT,PacBio RS,SRP091981,PRJNA321560,,321560,SRS1757302,SAMN05919702,simple,9606,Homo sapiens,0.5 uM T3 treated HCT116,,,,,male,,no,,,,,,SRA492450,,public,DC220054CE1149DB49ED63132835CF31,E9336B8E01192A25422AFB15033674DA
SRR5009379,2017-01-09 12:28:26,2016-12-21 15:46:29,81741,265982651,0,3253,987,,https://sra-download.ncbi.nlm.nih.gov/traces/sra44/SRR/004891/SRR5009379,SRX2340575,PacBio0.5-1.5_RNA-Seq_PacBio_pool2,RNA-Seq,size fractionation,TRANSCRIPTOMIC,SINGLE,0,0,PACBIO_SMRT,PacBio RS,SRP091981,PRJNA321560,,321560,SRS1757302,SAMN05919702,simple,9606,Homo sapiens,0.5 uM T3 treated HCT116,,,,,male,,no,,,,,,SRA492450,,public,41DBDB936576545F5DA84F2B318A16DC,DB9B638BB59489479051215BDDAE031C
SRR5009405,2017-01-09 12:28:26,2016-12-21 15:44:12,81741,150000803,0,1835,580,,https://sra-download.ncbi.nlm.nih.gov/traces/sra44/SRR/004891/SRR5009405,SRX2340601,PacBio0.5-1.5_RNA-Seq_PacBio_pool5,RNA-Seq,size fractionation,TRANSCRIPTOMIC,SINGLE,0,0,PACBIO_SMRT,PacBio RS,SRP091981,PRJNA321560,,321560,SRS1757302,SAMN05919702,simple,9606,Homo sapiens,0.5 uM T3 treated HCT116,,,,,male,,no,,,,,,SRA492450,,public,5A6F4A1A9D78DB1FDC45959B21C74781,DB4039B1F3E6E0C801EBDFB62385E8A3
SRR5009409,2017-01-09 12:28:26,2016-12-22 17:08:36,81741,241351420,0,2952,896,,https://sra-download.ncbi.nlm.nih.gov/traces/sra44/SRR/004892/SRR5009409,SRX2340605,PacBio0.5-1.5_RNA-Seq_PacBio_pool7,RNA-Seq,size fractionation,TRANSCRIPTOMIC,SINGLE,0,0,PACBIO_SMRT,PacBio RS,SRP091981,PRJNA321560,,321560,SRS1757302,SAMN05919702,simple,9606,Homo sapiens,0.5 uM T3 treated HCT116,,,,,male,,no,,,,,,SRA492450,,public,F48397B4164B6F76D9B6505490124966,0379257559B73A1552E30E0118758CA7
SRR5009412,2017-01-09 12:28:26,2016-12-21 16:07:09,81741,536185141,0,6559,1911,,https://sra-download.ncbi.nlm.nih.gov/traces/sra44/SRR/004892/SRR5009412,SRX2340608,PacBio0.5-3_RNA-Seq_PacBio_pool19,RNA-Seq,size fractionation,TRANSCRIPTOMIC,SINGLE,0,0,PACBIO_SMRT,PacBio RS,SRP091981,PRJNA321560,,321560,SRS1757302,SAMN05919702,simple,9606,Homo sapiens,0.5 uM T3 treated HCT116,,,,,male,,no,,,,,,SRA492450,,public,041DDBD698F23D52CAE95852B93318C6,AD954B24B53FAE50A97A5CDE0F3E1ECA
SRR5009403,2017-01-09 12:28:26,2016-12-21 15:50:56,81741,372847413,0,4561,1360,,https://sra-download.ncbi.nlm.nih.gov/traces/sra44/SRR/004891/SRR5009403,SRX2340599,PacBio0.5-3_RNA-Seq_PacBio_pool17,RNA-Seq,size fractionation,TRANSCRIPTOMIC,SINGLE,0,0,PACBIO_SMRT,PacBio RS,SRP091981,PRJNA321560,,321560,SRS1757302,SAMN05919702,simple,9606,Homo sapiens,0.5 uM T3 treated HCT116,,,,,male,,no,,,,,,SRA492450,,public,910ACF4376ADD1FBF86FBC88405B1F71,77A855E180F330E31314CCBDAC7E9D22
SRR5009423,2017-01-09 12:28:26,2016-12-22 17:09:27,81741,207617759,0,2539,783,,https://sra-download.ncbi.nlm.nih.gov/traces/sra44/SRR/004892/SRR5009423,SRX2340619,PacBio0.5-1.5_RNA-Seq_PacBio_pool1,RNA-Seq,size fractionation,TRANSCRIPTOMIC,SINGLE,0,0,PACBIO_SMRT,PacBio RS,SRP091981,PRJNA321560,,321560,SRS1757302,SAMN05919702,simple,9606,Homo sapiens,0.5 uM T3 treated HCT116,,,,,male,,no,,,,,,SRA492450,,public,09F3B05ADC505339BDD6BF79AE8E8825,AA6876C4B69118BC701F2D0106BEA756
SRR5009424,2017-01-09 12:28:26,2016-12-22 17:09:08,81741,193631885,0,2368,737,,https://sra-download.ncbi.nlm.nih.gov/traces/sra44/SRR/004892/SRR5009424,SRX2340620,PacBio0.5-1.5_RNA-Seq_PacBio_pool6,RNA-Seq,size fractionation,TRANSCRIPTOMIC,SINGLE,0,0,PACBIO_SMRT,PacBio RS,SRP091981,PRJNA321560,,321560,SRS1757302,SAMN05919702,simple,9606,Homo sapiens,0.5 uM T3 treated HCT116,,,,,male,,no,,,,,,SRA492450,,public,B4742BA8E59E894D5801ECBCA998457C,93FBB6645913CBFC20C9F7EEC1E550ED
SRR5009435,2017-01-09 12:28:26,2016-12-22 17:10:44,81741,362298807,0,4432,1335,,https://sra-download.ncbi.nlm.nih.gov/traces/sra44/SRR/004892/SRR5009435,SRX2340631,PacBio0.5-3_RNA-Seq_PacBio_pool16,RNA-Seq,size fractionation,TRANSCRIPTOMIC,SINGLE,0,0,PACBIO_SMRT,PacBio RS,SRP091981,PRJNA321560,,321560,SRS1757302,SAMN05919702,simple,9606,Homo sapiens,0.5 uM T3 treated HCT116,,,,,male,,no,,,,,,SRA492450,,public,25B2517ED8B9B98C66C7E6EB3E27DF29,ACC103783ADE7BCFFEDF8C5DBF1E2943
SRR5009442,2017-01-09 12:28:26,2016-12-22 17:10:24,81741,248692854,0,3042,946,,https://sra-download.ncbi.nlm.nih.gov/traces/sra44/SRR/004892/SRR5009442,SRX2340638,PacBio0.5-1.5-3_RNA-Seq_PacBio_pool14,RNA-Seq,size fractionation,TRANSCRIPTOMIC,SINGLE,0,0,PACBIO_SMRT,PacBio RS,SRP091981,PRJNA321560,,321560,SRS1757302,SAMN05919702,simple,9606,Homo sapiens,0.5 uM T3 treated HCT116,,,,,male,,no,,,,,,SRA492450,,public,745A82F8AF4A7C3F2F088906DA44AD0D,86E2575382672FD2EF4C9A15F45BCA6A
SRR5009448,2017-01-09 12:28:26,2016-12-21 15:57:44,81741,296184393,0,3623,1124,,https://sra-download.ncbi.nlm.nih.gov/traces/sra44/SRR/004892/SRR5009448,SRX2340644,PacBio0.5-1.5-3_RNA-Seq_PacBio_pool15,RNA-Seq,size fractionation,TRANSCRIPTOMIC,SINGLE,0,0,PACBIO_SMRT,PacBio RS,SRP091981,PRJNA321560,,321560,SRS1757302,SAMN05919702,simple,9606,Homo sapiens,0.5 uM T3 treated HCT116,,,,,male,,no,,,,,,SRA492450,,public,EB4CF8EA63455D908A164EB1449EF698,AA7E668EAEBFF6B30EF4701511C5211D
SRR5009469,2017-01-09 12:28:26,2016-12-22 17:11:28,81741,231495282,0,2832,867,,https://sra-download.ncbi.nlm.nih.gov/traces/sra44/SRR/004892/SRR5009469,SRX2340665,PacBio0.5-1.5_RNA-Seq_PacBio_pool4,RNA-Seq,size fractionation,TRANSCRIPTOMIC,SINGLE,0,0,PACBIO_SMRT,PacBio RS,SRP091981,PRJNA321560,,321560,SRS1757302,SAMN05919702,simple,9606,Homo sapiens,0.5 uM T3 treated HCT116,,,,,male,,no,,,,,,SRA492450,,public,F6207E941D70842F16F9A0D13785F3BE,D1B6FB8806BBC3FA5C5828FF0FD9C7BE
SRR5009487,2017-01-09 12:28:26,2016-11-09 18:07:58,83632297,12544844550,83632297,150,5676,,https://sra-download.ncbi.nlm.nih.gov/traces/sra15/SRR/004892/SRR5009487,SRX2340683,SA830-R1_RNA-Seq_stranded_HiSeq,RNA-Seq,cDNA,TRANSCRIPTOMIC,PAIRED,0,0,ILLUMINA,Illumina HiSeq 2000,SRP091981,PRJNA321560,,321560,SRS1757302,SAMN05919702,simple,9606,Homo sapiens,0.5 uM T3 treated HCT116,,,,,male,,no,,,,,,SRA492450,,public,A78AD310AB3C045FEF63F22576D08A33,C1BCEDF6B8E8B68E58D8A45115D59697
SRR5009492,2017-01-09 12:28:26,2016-12-21 16:17:06,81741,717993010,0,8783,2517,,https://sra-download.ncbi.nlm.nih.gov/traces/sra44/SRR/004892/SRR5009492,SRX2340688,PacBio0.5-3_RNA-Seq_PacBio_pool20,RNA-Seq,size fractionation,TRANSCRIPTOMIC,SINGLE,0,0,PACBIO_SMRT,PacBio RS,SRP091981,PRJNA321560,,321560,SRS1757302,SAMN05919702,simple,9606,Homo sapiens,0.5 uM T3 treated HCT116,,,,,male,,no,,,,,,SRA492450,,public,FC6691FF160EF2D1AEE929A8546882B8,B9F78E937CD44D95A5D5E77B2C7528C4
SRR5009515,2017-01-09 12:28:26,2016-11-09 17:48:30,2658956,803004712,2658956,302,397,,https://sra-download.ncbi.nlm.nih.gov/traces/sra2/SRR/004892/SRR5009515,SRX2340711,SA467-SA538_RNA-Seq_targeted_MiSeq,RNA-Seq,RT-PCR,TRANSCRIPTOMIC,PAIRED,0,0,ILLUMINA,Illumina MiSeq,SRP091981,PRJNA321560,,321560,SRS1757302,SAMN05919702,simple,9606,Homo sapiens,0.5 uM T3 treated HCT116,,,,,male,,no,,,,,,SRA492450,,public,BF19BCC92372269C271153FBB42A767E,E3B83F46CF45810786ACBC98F5D45939
SRR5009516,2017-01-09 12:28:26,2016-12-22 17:08:04,81741,190310161,0,2328,723,,https://sra-download.ncbi.nlm.nih.gov/traces/sra44/SRR/004892/SRR5009516,SRX2340712,PacBio0.5-1.5_RNA-Seq_PacBio_pool8,RNA-Seq,size fractionation,TRANSCRIPTOMIC,SINGLE,0,0,PACBIO_SMRT,PacBio RS,SRP091981,PRJNA321560,,321560,SRS1757302,SAMN05919702,simple,9606,Homo sapiens,0.5 uM T3 treated HCT116,,,,,male,,no,,,,,,SRA492450,,public,E5FCC0B016A5AEE854F1D177C159D445,7ED09E65DAE85132ACFB087F4B1D748F
SRR5009539,2017-01-09 12:28:26,2016-11-09 18:18:35,102609232,15391384800,102609232,150,7230,,https://sra-download.ncbi.nlm.nih.gov/traces/sra15/SRR/004892/SRR5009539,SRX2340735,SA619_RNA-Seq_stranded_HiSeq,RNA-Seq,cDNA,TRANSCRIPTOMIC,PAIRED,0,0,ILLUMINA,Illumina HiSeq 2500,SRP091981,PRJNA321560,,321560,SRS1757295,SAMN05919722,simple,9606,Homo sapiens,0.5 um KH-CB19 treated HCT116,,,,,male,,no,,,,,,SRA492450,,public,2CE09CBC76418413F08AA513211179C2,37CF69D4DA5878CDC1B7A81861F6C9F7
SRR5009535,2017-01-09 12:28:26,2016-11-09 17:47:50,1753633,529597166,1753633,302,264,,https://sra-download.ncbi.nlm.nih.gov/traces/sra2/SRR/004892/SRR5009535,SRX2340731,SA504_RNA-Seq_targeted_MiSeq,RNA-Seq,RT-PCR,TRANSCRIPTOMIC,PAIRED,0,0,ILLUMINA,Illumina MiSeq,SRP091981,PRJNA321560,,321560,SRS1757365,SAMN05919708,simple,9606,Homo sapiens,1.0 uM T3 treated 184-hTert,,,,,female,,no,,,,,,SRA492450,,public,50C3E90916E166DFC33E872C9215C7AE,F3BA88916E2E414008B40DFB90470747
SRR5009514,2017-01-09 12:28:26,2016-11-09 17:48:30,3425158,1034397716,3425158,302,516,,https://sra-download.ncbi.nlm.nih.gov/traces/sra7/SRR/004892/SRR5009514,SRX2340710,SA468-SA539_RNA-Seq_targeted_MiSeq,RNA-Seq,RT-PCR,TRANSCRIPTOMIC,PAIRED,0,0,ILLUMINA,Illumina MiSeq,SRP091981,PRJNA321560,,321560,SRS1757323,SAMN05919703,simple,9606,Homo sapiens,1.0 uM T3 treated HCT116,,,,,male,,no,,,,,,SRA492450,,public,66A0B6B3954907DAFCBA45E89FBF748A,E0FC686F9D9CE91715887947BC01BA78
SRR5009491,2017-01-09 12:28:26,2016-11-09 18:11:20,98339965,14750994750,98339965,150,6640,,https://sra-download.ncbi.nlm.nih.gov/traces/sra12/SRR/004892/SRR5009491,SRX2340687,SA831-R1_RNA-Seq_stranded_HiSeq,RNA-Seq,cDNA,TRANSCRIPTOMIC,PAIRED,0,0,ILLUMINA,Illumina HiSeq 2000,SRP091981,PRJNA321560,,321560,SRS1757323,SAMN05919703,simple,9606,Homo sapiens,1.0 uM T3 treated HCT116,,,,,male,,no,,,,,,SRA492450,,public,BAF27D2FA8521B6DD27D06E952E37512,14CA661CBE5B1DAC4B376DD128DA66CF
SRR5009498,2017-01-09 12:28:26,2016-11-09 18:10:19,91473094,13720964100,91473094,150,6462,,https://sra-download.ncbi.nlm.nih.gov/traces/sra12/SRR/004892/SRR5009498,SRX2340694,SA620_RNA-Seq_stranded_HiSeq,RNA-Seq,cDNA,TRANSCRIPTOMIC,PAIRED,0,0,ILLUMINA,Illumina HiSeq 2500,SRP091981,PRJNA321560,,321560,SRS1757292,SAMN05919723,simple,9606,Homo sapiens,1.0 um KH-CB19 treated HCT116,,,,,male,,no,,,,,,SRA492450,,public,47E9F9EFCE7E95F08AB7A5165E41AFBD,8A8A3A2658A1D6D7F316AA0BE763924E
SRR5009509,2017-01-09 12:28:26,2016-11-09 17:46:38,1512078,456647556,1512078,302,227,,https://sra-download.ncbi.nlm.nih.gov/traces/sra2/SRR/004892/SRR5009509,SRX2340705,SA470_RNA-Seq_targeted_MiSeq,RNA-Seq,RT-PCR,TRANSCRIPTOMIC,PAIRED,0,0,ILLUMINA,Illumina MiSeq,SRP091981,PRJNA321560,,321560,SRS1757321,SAMN05919705,simple,9606,Homo sapiens,10 uM T3 treated HCT116,,,,,male,,no,,,,,,SRA492450,,public,3B26FBF0E480A8F0D27BC73499567EA2,815C566F21AB3637D55E06111E9E1E3F
SRR5009504,2017-01-09 12:28:26,2016-12-21 16:11:24,81741,337434290,0,4128,1267,,https://sra-download.ncbi.nlm.nih.gov/traces/sra44/SRR/004892/SRR5009504,SRX2340700,PacBio5-1.5-3_RNA-Seq_PacBio_pool13,RNA-Seq,size fractionation,TRANSCRIPTOMIC,SINGLE,0,0,PACBIO_SMRT,PacBio RS,SRP091981,PRJNA321560,,321560,SRS1757322,SAMN05919704,simple,9606,Homo sapiens,5 uM T3 treated HCT116,,,,,male,,no,,,,,,SRA492450,,public,E56DF39A50BD783E689EE4E70E88F015,DA51B3FBBBCC7914EB137D55AAAE102C
SRR5009440,2017-01-09 12:28:26,2016-12-21 16:20:41,81741,592685210,0,7250,2087,,https://sra-download.ncbi.nlm.nih.gov/traces/sra44/SRR/004892/SRR5009440,SRX2340636,PacBio5-3_RNA-Seq_PacBio_pool19,RNA-Seq,size fractionation,TRANSCRIPTOMIC,SINGLE,0,0,PACBIO_SMRT,PacBio RS,SRP091981,PRJNA321560,,321560,SRS1757322,SAMN05919704,simple,9606,Homo sapiens,5 uM T3 treated HCT116,,,,,male,,no,,,,,,SRA492450,,public,A1BF585C02A1874A83B273A7FAA9BF5E,D52DC961CD48E729A65A139AA4C84B6C
SRR5009481,2017-01-09 12:28:26,2016-12-21 16:01:33,81741,511365917,0,6255,1818,,https://sra-download.ncbi.nlm.nih.gov/traces/sra44/SRR/004892/SRR5009481,SRX2340677,PacBio5-3_RNA-Seq_PacBio_pool17,RNA-Seq,size fractionation,TRANSCRIPTOMIC,SINGLE,0,0,PACBIO_SMRT,PacBio RS,SRP091981,PRJNA321560,,321560,SRS1757322,SAMN05919704,simple,9606,Homo sapiens,5 uM T3 treated HCT116,,,,,male,,no,,,,,,SRA492450,,public,D4F72865C38FE79C21326DE970C33670,6B9C09E358F8D206B3AA81B496439580
SRR5009447,2017-01-09 12:28:26,2016-12-22 17:10:03,81741,157646381,0,1928,603,,https://sra-download.ncbi.nlm.nih.gov/traces/sra44/SRR/004892/SRR5009447,SRX2340643,PacBio5-1.5_RNA-Seq_PacBio_pool1,RNA-Seq,size fractionation,TRANSCRIPTOMIC,SINGLE,0,0,PACBIO_SMRT,PacBio RS,SRP091981,PRJNA321560,,321560,SRS1757322,SAMN05919704,simple,9606,Homo sapiens,5 uM T3 treated HCT116,,,,,male,,no,,,,,,SRA492450,,public,930EF59CED8DFAC2CAE4C8A6F340C42E,EC7AA4372C4B66260AF74B25E651F180
SRR5009436,2017-01-09 12:28:26,2016-12-22 17:16:00,81741,547221100,0,6694,1916,,https://sra-download.ncbi.nlm.nih.gov/traces/sra44/SRR/004892/SRR5009436,SRX2340632,PacBio5-1.5_RNA-Seq_PacBio_pool9,RNA-Seq,size fractionation,TRANSCRIPTOMIC,SINGLE,0,0,PACBIO_SMRT,PacBio RS,SRP091981,PRJNA321560,,321560,SRS1757322,SAMN05919704,simple,9606,Homo sapiens,5 uM T3 treated HCT116,,,,,male,,no,,,,,,SRA492450,,public,04B659BCB430507D098D8A0804DE2866,BDB52C263BB725AE288A1CD61194DFC6
SRR5009460,2017-01-09 12:28:26,2016-12-22 17:20:50,81741,447765670,0,5477,1600,,https://sra-download.ncbi.nlm.nih.gov/traces/sra44/SRR/004892/SRR5009460,SRX2340656,PacBio5-1.5_RNA-Seq_PacBio_pool10,RNA-Seq,size fractionation,TRANSCRIPTOMIC,SINGLE,0,0,PACBIO_SMRT,PacBio RS,SRP091981,PRJNA321560,,321560,SRS1757322,SAMN05919704,simple,9606,Homo sapiens,5 uM T3 treated HCT116,,,,,male,,no,,,,,,SRA492450,,public,D00385E87E441C37CFD064E978D140D6,C40A736EB14AE2AE0D874D6B3ABEDF95
SRR5009428,2017-01-09 12:28:26,2016-12-22 17:14:28,81741,545303642,0,6671,1902,,https://sra-download.ncbi.nlm.nih.gov/traces/sra44/SRR/004892/SRR5009428,SRX2340624,PacBio5-1.5_RNA-Seq_PacBio_pool8,RNA-Seq,size fractionation,TRANSCRIPTOMIC,SINGLE,0,0,PACBIO_SMRT,PacBio RS,SRP091981,PRJNA321560,,321560,SRS1757322,SAMN05919704,simple,9606,Homo sapiens,5 uM T3 treated HCT116,,,,,male,,no,,,,,,SRA492450,,public,875832A305741E7F008C9478CF481608,640F2721129BD34F53129AD921316B78
SRR5009432,2017-01-09 12:28:26,2016-12-21 15:52:00,81741,206009733,0,2520,773,,https://sra-download.ncbi.nlm.nih.gov/traces/sra44/SRR/004892/SRR5009432,SRX2340628,PacBio5-1.5_RNA-Seq_PacBio_pool2,RNA-Seq,size fractionation,TRANSCRIPTOMIC,SINGLE,0,0,PACBIO_SMRT,PacBio RS,SRP091981,PRJNA321560,,321560,SRS1757322,SAMN05919704,simple,9606,Homo sapiens,5 uM T3 treated HCT116,,,,,male,,no,,,,,,SRA492450,,public,D14B9AC8C7E51F4B66D08D79920CE474,E197DE11597779EFAE5836D212CB3710
SRR5009433,2017-01-09 12:28:26,2016-12-22 17:16:39,81741,684952331,0,8379,2415,,https://sra-download.ncbi.nlm.nih.gov/traces/sra44/SRR/004892/SRR5009433,SRX2340629,PacBio5-3_RNA-Seq_PacBio_pool18,RNA-Seq,size fractionation,TRANSCRIPTOMIC,SINGLE,0,0,PACBIO_SMRT,PacBio RS,SRP091981,PRJNA321560,,321560,SRS1757322,SAMN05919704,simple,9606,Homo sapiens,5 uM T3 treated HCT116,,,,,male,,no,,,,,,SRA492450,,public,83795DF8C3BC4BF75F715042F9C3D384,9122BA947020111F721766C210D80102
SRR5009414,2017-01-09 12:28:26,2016-12-21 15:50:03,81741,300484413,0,3676,1141,,https://sra-download.ncbi.nlm.nih.gov/traces/sra44/SRR/004892/SRR5009414,SRX2340610,PacBio5-1.5-3_RNA-Seq_PacBio_pool14,RNA-Seq,size fractionation,TRANSCRIPTOMIC,SINGLE,0,0,PACBIO_SMRT,PacBio RS,SRP091981,PRJNA321560,,321560,SRS1757322,SAMN05919704,simple,9606,Homo sapiens,5 uM T3 treated HCT116,,,,,male,,no,,,,,,SRA492450,,public,4E6F545DDEAC0919C4CE3FE70AD4AA87,BA7508C500BB137E1FCA95142849CB63
SRR5009416,2017-01-09 12:28:26,2016-12-22 17:11:23,81741,320653293,0,3922,1197,,https://sra-download.ncbi.nlm.nih.gov/traces/sra44/SRR/004892/SRR5009416,SRX2340612,PacBio5-3_RNA-Seq_PacBio_pool16,RNA-Seq,size fractionation,TRANSCRIPTOMIC,SINGLE,0,0,PACBIO_SMRT,PacBio RS,SRP091981,PRJNA321560,,321560,SRS1757322,SAMN05919704,simple,9606,Homo sapiens,5 uM T3 treated HCT116,,,,,male,,no,,,,,,SRA492450,,public,E2F9A274BF5AD48F56E04C2EB58210A1,6C1AE2BB28BEB587A4B597AC21BE07BE
SRR5009394,2017-01-09 12:28:26,2016-12-21 15:55:08,81741,484045334,0,5921,1708,,https://sra-download.ncbi.nlm.nih.gov/traces/sra44/SRR/004891/SRR5009394,SRX2340590,PacBio5-1.5_RNA-Seq_PacBio_pool3,RNA-Seq,size fractionation,TRANSCRIPTOMIC,SINGLE,0,0,PACBIO_SMRT,PacBio RS,SRP091981,PRJNA321560,,321560,SRS1757322,SAMN05919704,simple,9606,Homo sapiens,5 uM T3 treated HCT116,,,,,male,,no,,,,,,SRA492450,,public,68F0F3C31D538D8B19F8C8A0F85A01C9,12FD8941F1A0021D7C7DEAB2A2AD329C
SRR5009399,2017-01-09 12:28:26,2016-12-21 15:52:56,81741,315343546,0,3857,1193,,https://sra-download.ncbi.nlm.nih.gov/traces/sra44/SRR/004891/SRR5009399,SRX2340595,PacBio5-1.5-3_RNA-Seq_PacBio_pool15,RNA-Seq,size fractionation,TRANSCRIPTOMIC,SINGLE,0,0,PACBIO_SMRT,PacBio RS,SRP091981,PRJNA321560,,321560,SRS1757322,SAMN05919704,simple,9606,Homo sapiens,5 uM T3 treated HCT116,,,,,male,,no,,,,,,SRA492450,,public,3B34FF947A3AAA9C4C57BFF96D7F81E7,0716C1458481C4C1C9C30EFA7190F571
SRR5009402,2017-01-09 12:28:26,2016-12-22 17:16:03,81741,584435811,0,7149,2021,,https://sra-download.ncbi.nlm.nih.gov/traces/sra44/SRR/004891/SRR5009402,SRX2340598,PacBio5-1.5_RNA-Seq_PacBio_pool4,RNA-Seq,size fractionation,TRANSCRIPTOMIC,SINGLE,0,0,PACBIO_SMRT,PacBio RS,SRP091981,PRJNA321560,,321560,SRS1757322,SAMN05919704,simple,9606,Homo sapiens,5 uM T3 treated HCT116,,,,,male,,no,,,,,,SRA492450,,public,CB6F15BEB472C42E95C37906ED321B97,3C7084C687071A02C6FEE2E246C78AA8
SRR5009380,2017-01-09 12:28:26,2016-12-21 15:47:21,81741,261903618,0,3204,973,,https://sra-download.ncbi.nlm.nih.gov/traces/sra44/SRR/004891/SRR5009380,SRX2340576,PacBio5-1.5_RNA-Seq_PacBio_pool5,RNA-Seq,size fractionation,TRANSCRIPTOMIC,SINGLE,0,0,PACBIO_SMRT,PacBio RS,SRP091981,PRJNA321560,,321560,SRS1757322,SAMN05919704,simple,9606,Homo sapiens,5 uM T3 treated HCT116,,,,,male,,no,,,,,,SRA492450,,public,9CB73CEEBA3189F02951DC0600949AF4,C3B77E25646588548BC18C84123B4D27
SRR5009384,2017-01-09 12:28:26,2016-12-22 17:14:56,81741,532842476,0,6518,1902,,https://sra-download.ncbi.nlm.nih.gov/traces/sra44/SRR/004891/SRR5009384,SRX2340580,PacBio5-3_RNA-Seq_PacBio_pool20,RNA-Seq,size fractionation,TRANSCRIPTOMIC,SINGLE,0,0,PACBIO_SMRT,PacBio RS,SRP091981,PRJNA321560,,321560,SRS1757322,SAMN05919704,simple,9606,Homo sapiens,5 uM T3 treated HCT116,,,,,male,,no,,,,,,SRA492450,,public,14C661030E61D188AA7B16D574EC8084,AED317FB75D46B186D72C7D62D9B45B0
SRR5009523,2017-01-09 12:28:26,2016-12-22 17:11:55,81741,340505793,0,4165,1279,,https://sra-download.ncbi.nlm.nih.gov/traces/sra44/SRR/004892/SRR5009523,SRX2340719,PacBio5-1.5-3_RNA-Seq_PacBio_pool12,RNA-Seq,size fractionation,TRANSCRIPTOMIC,SINGLE,0,0,PACBIO_SMRT,PacBio RS,SRP091981,PRJNA321560,,321560,SRS1757322,SAMN05919704,simple,9606,Homo sapiens,5 uM T3 treated HCT116,,,,,male,,no,,,,,,SRA492450,,public,E9A52ED82E2563536C3849CBC0A7C116,EBD7A08404E9481E608B8EC2A96B491B
SRR5009530,2017-01-09 12:28:26,2016-12-22 17:12:10,81741,307085395,0,3756,1127,,https://sra-download.ncbi.nlm.nih.gov/traces/sra44/SRR/004892/SRR5009530,SRX2340726,PacBio5-1.5_RNA-Seq_PacBio_pool6,RNA-Seq,size fractionation,TRANSCRIPTOMIC,SINGLE,0,0,PACBIO_SMRT,PacBio RS,SRP091981,PRJNA321560,,321560,SRS1757322,SAMN05919704,simple,9606,Homo sapiens,5 uM T3 treated HCT116,,,,,male,,no,,,,,,SRA492450,,public,18B2D6684B5C2865909F39C287BE9746,7630BC5C5A36BD62F0DB55B1D7F10897
SRR5009532,2017-01-09 12:28:26,2016-12-21 16:27:33,81741,456179107,0,5580,1622,,https://sra-download.ncbi.nlm.nih.gov/traces/sra44/SRR/004892/SRR5009532,SRX2340728,PacBio5-1.5_RNA-Seq_PacBio_pool7,RNA-Seq,size fractionation,TRANSCRIPTOMIC,SINGLE,0,0,PACBIO_SMRT,PacBio RS,SRP091981,PRJNA321560,,321560,SRS1757322,SAMN05919704,simple,9606,Homo sapiens,5 uM T3 treated HCT116,,,,,male,,no,,,,,,SRA492450,,public,13803DD731F11CF8A4C36BB2AB5BA06D,6FE9CF21FF4232599FEFE305D5EAF8AD
SRR5009540,2017-01-09 12:28:26,2016-12-21 15:59:49,81741,327410069,0,4005,1240,,https://sra-download.ncbi.nlm.nih.gov/traces/sra44/SRR/004892/SRR5009540,SRX2340736,PacBio5-1.5-3_RNA-Seq_PacBio_pool11,RNA-Seq,size fractionation,TRANSCRIPTOMIC,SINGLE,0,0,PACBIO_SMRT,PacBio RS,SRP091981,PRJNA321560,,321560,SRS1757322,SAMN05919704,simple,9606,Homo sapiens,5 uM T3 treated HCT116,,,,,male,,no,,,,,,SRA492450,,public,9E7DC5B9F172CB191F6E0740E8DF482F,62256477F268409A0F86DC247029B4BA
SRR5009517,2017-01-09 12:28:26,2016-11-09 18:15:52,99226382,14883957300,99226382,150,9518,,https://sra-download.ncbi.nlm.nih.gov/traces/sra12/SRR/004892/SRR5009517,SRX2340713,SA505_RNA-Seq_stranded_HiSeq,RNA-Seq,cDNA,TRANSCRIPTOMIC,PAIRED,0,0,ILLUMINA,Illumina HiSeq 2000,SRP091981,PRJNA321560,,321560,SRS1757366,SAMN05919709,simple,9606,Homo sapiens,5.0 uM T3 treated 184-hTert,,,,,female,,no,,,,,,SRA492450,,public,F3773016D491AEA3C1DF1C1D4850F7D3,74B5E5E2A7CD390A3428B27DA32B5B21
SRR5009493,2017-01-09 12:28:26,2016-11-09 17:45:04,1639150,458706164,1639150,279,225,,https://sra-download.ncbi.nlm.nih.gov/traces/sra7/SRR/004892/SRR5009493,SRX2340689,SRRM2-48hr_RNA-Seq_targeted_MiSeq,RNA-Seq,RT-PCR,TRANSCRIPTOMIC,PAIRED,0,0,ILLUMINA,Illumina MiSeq,SRP091981,PRJNA321560,,321560,SRS1792209,SAMN05919787,simple,9606,Homo sapiens,SRRM2 in HCT116 - 48 hr,,,,,male,,no,,,,,,SRA492450,,public,71D56AFA64216810C54FFDEB298148ED,8658EF3D4565E8B48C393AF825FAB62A
SRR5009494,2017-01-09 12:28:26,2016-12-22 17:12:13,81741,276944802,0,3388,1047,,https://sra-download.ncbi.nlm.nih.gov/traces/sra44/SRR/004892/SRR5009494,SRX2340690,PacBio0-1.5-3_RNA-Seq_PacBio_pool13,RNA-Seq,size fractionation,TRANSCRIPTOMIC,SINGLE,0,0,PACBIO_SMRT,PacBio RS,SRP091981,PRJNA321560,,321560,SRS1757305,SAMN05919699,simple,9606,Homo sapiens,Untreated HCT116,,,,,male,,no,,,,,,SRA492450,,public,3D9F852AFB3FE98F4757E8E244937E21,77C4047106DDBFAB68EB0330F7728A3E
SRR5009490,2017-01-09 12:28:26,2016-12-21 15:51:24,81741,198542465,0,2428,745,,https://sra-download.ncbi.nlm.nih.gov/traces/sra44/SRR/004892/SRR5009490,SRX2340686,PacBio0-3_RNA-Seq_PacBio_pool20,RNA-Seq,size fractionation,TRANSCRIPTOMIC,SINGLE,0,0,PACBIO_SMRT,PacBio RS,SRP091981,PRJNA321560,,321560,SRS1757305,SAMN05919699,simple,9606,Homo sapiens,Untreated HCT116,,,,,male,,no,,,,,,SRA492450,,public,3AE055B883C7B7CF961B9E164F99E1A1,68D150AA491E9023B2D0C4E38C6B15B0
SRR5009482,2017-01-09 12:28:26,2016-12-21 15:44:56,81741,139292615,0,1704,530,,https://sra-download.ncbi.nlm.nih.gov/traces/sra44/SRR/004892/SRR5009482,SRX2340678,PacBio0-1.5_RNA-Seq_PacBio_pool9,RNA-Seq,size fractionation,TRANSCRIPTOMIC,SINGLE,0,0,PACBIO_SMRT,PacBio RS,SRP091981,PRJNA321560,,321560,SRS1757305,SAMN05919699,simple,9606,Homo sapiens,Untreated HCT116,,,,,male,,no,,,,,,SRA492450,,public,E85A68183A93BB3813C3CC51B1F2811A,3CE79F436CABE1233647CE981551070C
SRR5009470,2017-01-09 12:28:26,2016-12-21 15:52:26,81741,277519411,0,3395,1030,,https://sra-download.ncbi.nlm.nih.gov/traces/sra44/SRR/004892/SRR5009470,SRX2340666,PacBio0-1.5_RNA-Seq_PacBio_pool2,RNA-Seq,size fractionation,TRANSCRIPTOMIC,SINGLE,0,0,PACBIO_SMRT,PacBio RS,SRP091981,PRJNA321560,,321560,SRS1757305,SAMN05919699,simple,9606,Homo sapiens,Untreated HCT116,,,,,male,,no,,,,,,SRA492450,,public,DB0E2886897D4001D66EA48CC226E880,192205F66DA940A51760C29F84D7837E
SRR5009451,2017-01-09 12:28:26,2016-12-22 17:11:56,81741,329043939,0,4025,1246,,https://sra-download.ncbi.nlm.nih.gov/traces/sra44/SRR/004892/SRR5009451,SRX2340647,PacBio0-1.5-3_RNA-Seq_PacBio_pool12,RNA-Seq,size fractionation,TRANSCRIPTOMIC,SINGLE,0,0,PACBIO_SMRT,PacBio RS,SRP091981,PRJNA321560,,321560,SRS1757305,SAMN05919699,simple,9606,Homo sapiens,Untreated HCT116,,,,,male,,no,,,,,,SRA492450,,public,9F3276CF19B71215A3E7BD657669300B,19B26AE6EB6344F5FCF819E3BD862762
SRR5009505,2017-01-09 12:28:26,2016-12-21 15:45:05,81741,151306741,0,1851,579,,https://sra-download.ncbi.nlm.nih.gov/traces/sra44/SRR/004892/SRR5009505,SRX2340701,PacBio0-1.5_RNA-Seq_PacBio_pool5,RNA-Seq,size fractionation,TRANSCRIPTOMIC,SINGLE,0,0,PACBIO_SMRT,PacBio RS,SRP091981,PRJNA321560,,321560,SRS1757305,SAMN05919699,simple,9606,Homo sapiens,Untreated HCT116,,,,,male,,no,,,,,,SRA492450,,public,C3A6B6722AC41780F9ED63D6C2946EB3,10FCD0D39162BECDDFC3277218BB2FC6
SRR5009501,2017-01-09 12:28:26,2016-12-21 15:45:36,81741,173368619,0,2120,660,,https://sra-download.ncbi.nlm.nih.gov/traces/sra44/SRR/004892/SRR5009501,SRX2340697,PacBio0-3_RNA-Seq_PacBio_pool18,RNA-Seq,size fractionation,TRANSCRIPTOMIC,SINGLE,0,0,PACBIO_SMRT,PacBio RS,SRP091981,PRJNA321560,,321560,SRS1757305,SAMN05919699,simple,9606,Homo sapiens,Untreated HCT116,,,,,male,,no,,,,,,SRA492450,,public,8D4C00591AB429543EAB193344961DFC,FA2820D4B1357FE6D1D2D415A24C0896
SRR5009496,2017-01-09 12:28:26,2016-11-09 17:45:43,1748812,528141224,1748812,302,274,,https://sra-download.ncbi.nlm.nih.gov/traces/sra6/SRR/004892/SRR5009496,SRX2340692,SA464-SA537_RNA-Seq_targeted_MiSeq,RNA-Seq,RT-PCR,TRANSCRIPTOMIC,PAIRED,0,0,ILLUMINA,Illumina MiSeq,SRP091981,PRJNA321560,,321560,SRS1757305,SAMN05919699,simple,9606,Homo sapiens,Untreated HCT116,,,,,male,,no,,,,,,SRA492450,,public,DBF246FE9609AECBCF394BD80FBF0266,DED016A0074A3BD23E19ED24EBBAAA79
SRR5009387,2017-01-09 12:28:26,2016-12-22 17:09:32,81741,235502380,0,2881,889,,https://sra-download.ncbi.nlm.nih.gov/traces/sra44/SRR/004891/SRR5009387,SRX2340583,PacBio0-3_RNA-Seq_PacBio_pool16,RNA-Seq,size fractionation,TRANSCRIPTOMIC,SINGLE,0,0,PACBIO_SMRT,PacBio RS,SRP091981,PRJNA321560,,321560,SRS1757305,SAMN05919699,simple,9606,Homo sapiens,Untreated HCT116,,,,,male,,no,,,,,,SRA492450,,public,AEEA6D34724B93C3F7AFFEA54CDBEDB5,530A3D79C74020916E5C7BF2407080F3
SRR5009390,2017-01-09 12:28:26,2016-12-22 17:10:29,81741,307690532,0,3764,1171,,https://sra-download.ncbi.nlm.nih.gov/traces/sra44/SRR/004891/SRR5009390,SRX2340586,PacBio0-1.5-3_RNA-Seq_PacBio_pool11,RNA-Seq,size fractionation,TRANSCRIPTOMIC,SINGLE,0,0,PACBIO_SMRT,PacBio RS,SRP091981,PRJNA321560,,321560,SRS1757305,SAMN05919699,simple,9606,Homo sapiens,Untreated HCT116,,,,,male,,no,,,,,,SRA492450,,public,5451C1554855C030F6DC7E39315DCC9A,1FF5ECE25CEA8883BB2D6F6CE96FCB0E
SRR5009396,2017-01-09 12:28:26,2016-12-21 15:50:18,81741,230871475,0,2824,869,,https://sra-download.ncbi.nlm.nih.gov/traces/sra44/SRR/004891/SRR5009396,SRX2340592,PacBio0-1.5_RNA-Seq_PacBio_pool4,RNA-Seq,size fractionation,TRANSCRIPTOMIC,SINGLE,0,0,PACBIO_SMRT,PacBio RS,SRP091981,PRJNA321560,,321560,SRS1757305,SAMN05919699,simple,9606,Homo sapiens,Untreated HCT116,,,,,male,,no,,,,,,SRA492450,,public,44E4796B97ECB88834C9C486C3834CB3,403653477E361D4DF6F589848A2A7333
SRR5009398,2017-01-09 12:28:26,2016-12-22 17:11:50,81741,233337241,0,2854,895,,https://sra-download.ncbi.nlm.nih.gov/traces/sra44/SRR/004891/SRR5009398,SRX2340594,PacBio0-1.5-3_RNA-Seq_PacBio_pool15,RNA-Seq,size fractionation,TRANSCRIPTOMIC,SINGLE,0,0,PACBIO_SMRT,PacBio RS,SRP091981,PRJNA321560,,321560,SRS1757305,SAMN05919699,simple,9606,Homo sapiens,Untreated HCT116,,,,,male,,no,,,,,,SRA492450,,public,611FCDEF5A51BA9C52CC6ABE581B70B9,A75C76E90F1699886CA8760011AA2913
SRR5009434,2017-01-09 12:28:26,2016-12-22 17:09:24,81741,212337130,0,2597,802,,https://sra-download.ncbi.nlm.nih.gov/traces/sra44/SRR/004892/SRR5009434,SRX2340630,PacBio0-1.5_RNA-Seq_PacBio_pool1,RNA-Seq,size fractionation,TRANSCRIPTOMIC,SINGLE,0,0,PACBIO_SMRT,PacBio RS,SRP091981,PRJNA321560,,321560,SRS1757305,SAMN05919699,simple,9606,Homo sapiens,Untreated HCT116,,,,,male,,no,,,,,,SRA492450,,public,C76375A0856A7E58411D52C7DE3AB8A3,C10528B73F502DF251A3EE4923D85DD5
SRR5009429,2017-01-09 12:28:26,2016-12-21 15:44:49,81741,150691186,0,1843,570,,https://sra-download.ncbi.nlm.nih.gov/traces/sra44/SRR/004892/SRR5009429,SRX2340625,PacBio0-1.5_RNA-Seq_PacBio_pool7,RNA-Seq,size fractionation,TRANSCRIPTOMIC,SINGLE,0,0,PACBIO_SMRT,PacBio RS,SRP091981,PRJNA321560,,321560,SRS1757305,SAMN05919699,simple,9606,Homo sapiens,Untreated HCT116,,,,,male,,no,,,,,,SRA492450,,public,821E4D37BE33A2E8600C5C087F8CEBB5,59EA90EC93696682992C22C4A7F252BB
SRR5009425,2017-01-09 12:28:26,2016-12-22 17:08:00,81741,177653075,0,2173,682,,https://sra-download.ncbi.nlm.nih.gov/traces/sra44/SRR/004892/SRR5009425,SRX2340621,PacBio0-1.5_RNA-Seq_PacBio_pool3,RNA-Seq,size fractionation,TRANSCRIPTOMIC,SINGLE,0,0,PACBIO_SMRT,PacBio RS,SRP091981,PRJNA321560,,321560,SRS1757305,SAMN05919699,simple,9606,Homo sapiens,Untreated HCT116,,,,,male,,no,,,,,,SRA492450,,public,FC725CD563A59022859E271D329401A6,BDE57E72A792F5EF7746BFC4066BFF51
SRR5009404,2017-01-09 12:28:26,2016-12-21 15:45:29,81741,109542904,0,1340,429,,https://sra-download.ncbi.nlm.nih.gov/traces/sra44/SRR/004891/SRR5009404,SRX2340600,PacBio0-1.5_RNA-Seq_PacBio_pool10,RNA-Seq,size fractionation,TRANSCRIPTOMIC,SINGLE,0,0,PACBIO_SMRT,PacBio RS,SRP091981,PRJNA321560,,321560,SRS1757305,SAMN05919699,simple,9606,Homo sapiens,Untreated HCT116,,,,,male,,no,,,,,,SRA492450,,public,95D6FC5F0F60161E7C8B89AA9D84BE30,AC4B25750E68663F85F6C53CC234F340
SRR5009463,2017-01-09 12:28:26,2016-12-21 15:44:11,81741,116879474,0,1429,455,,https://sra-download.ncbi.nlm.nih.gov/traces/sra44/SRR/004892/SRR5009463,SRX2340659,PacBio0-1.5_RNA-Seq_PacBio_pool8,RNA-Seq,size fractionation,TRANSCRIPTOMIC,SINGLE,0,0,PACBIO_SMRT,PacBio RS,SRP091981,PRJNA321560,,321560,SRS1757305,SAMN05919699,simple,9606,Homo sapiens,Untreated HCT116,,,,,male,,no,,,,,,SRA492450,,public,EC3683FF71AA41BC8C0FEAE04FF24BDA,9146159693086A0296B6398B9CF87DBF
SRR5009465,2017-01-09 12:28:26,2016-12-22 17:10:37,81741,192206227,0,2351,717,,https://sra-download.ncbi.nlm.nih.gov/traces/sra44/SRR/004892/SRR5009465,SRX2340661,PacBio0-1.5_RNA-Seq_PacBio_pool6,RNA-Seq,size fractionation,TRANSCRIPTOMIC,SINGLE,0,0,PACBIO_SMRT,PacBio RS,SRP091981,PRJNA321560,,321560,SRS1757305,SAMN05919699,simple,9606,Homo sapiens,Untreated HCT116,,,,,male,,no,,,,,,SRA492450,,public,9FA19C4054C20C93B626093214165BBA,3FA85BD8402CB315CE6E5884659AB695
SRR5009468,2017-01-09 12:28:26,2016-12-22 17:10:01,81741,243413017,0,2977,925,,https://sra-download.ncbi.nlm.nih.gov/traces/sra44/SRR/004892/SRR5009468,SRX2340664,PacBio0-3_RNA-Seq_PacBio_pool17,RNA-Seq,size fractionation,TRANSCRIPTOMIC,SINGLE,0,0,PACBIO_SMRT,PacBio RS,SRP091981,PRJNA321560,,321560,SRS1757305,SAMN05919699,simple,9606,Homo sapiens,Untreated HCT116,,,,,male,,no,,,,,,SRA492450,,public,DAFA90599EA5FC7EBCA215440DB0F096,1CAF1C204803F7A123E758474D76CBF4
SRR5009438,2017-01-09 12:28:26,2016-12-22 17:12:17,81741,272437665,0,3332,1037,,https://sra-download.ncbi.nlm.nih.gov/traces/sra44/SRR/004892/SRR5009438,SRX2340634,PacBio0-1.5-3_RNA-Seq_PacBio_pool14,RNA-Seq,size fractionation,TRANSCRIPTOMIC,SINGLE,0,0,PACBIO_SMRT,PacBio RS,SRP091981,PRJNA321560,,321560,SRS1757305,SAMN05919699,simple,9606,Homo sapiens,Untreated HCT116,,,,,male,,no,,,,,,SRA492450,,public,E66C395B4627666CBEFD519FEC366787,789837943B96ABB33CCB816FD164CB1E
SRR5009534,2017-01-09 12:28:26,2016-12-22 17:05:05,81741,182373904,0,2231,688,,https://sra-download.ncbi.nlm.nih.gov/traces/sra44/SRR/004892/SRR5009534,SRX2340730,PacBio0-3_RNA-Seq_PacBio_pool19,RNA-Seq,size fractionation,TRANSCRIPTOMIC,SINGLE,0,0,PACBIO_SMRT,PacBio RS,SRP091981,PRJNA321560,,321560,SRS1757305,SAMN05919699,simple,9606,Homo sapiens,Untreated HCT116,,,,,male,,no,,,,,,SRA492450,,public,FAD0D10BE5844761BA1CD4948ED4E67C,7C4C3FB869F8B58991AD3D2FA4B3FE8F
SRR5009521,2017-01-09 12:28:26,2016-11-09 18:14:47,104499921,15674988150,104499921,150,6965,,https://sra-download.ncbi.nlm.nih.gov/traces/sra2/SRR/004892/SRR5009521,SRX2340717,SA828-R1_RNA-Seq_stranded_HiSeq,RNA-Seq,cDNA,TRANSCRIPTOMIC,PAIRED,0,0,ILLUMINA,Illumina HiSeq 2000,SRP091981,PRJNA321560,,321560,SRS1757305,SAMN05919699,simple,9606,Homo sapiens,Untreated HCT116,,,,,male,,no,,,,,,SRA492450,,public,BBF532A8379BADF406FB8A511CF4710B,5C8B13E4CF69015C5190F2DE67C25A66
SRR5009507,2017-01-09 12:28:26,2016-11-09 18:30:38,86653270,12997990500,86653270,150,8455,,https://sra-download.ncbi.nlm.nih.gov/traces/sra15/SRR/004892/SRR5009507,SRX2340703,SA566_RNA-Seq_stranded_HiSeq,RNA-Seq,cDNA,TRANSCRIPTOMIC,PAIRED,0,0,ILLUMINA,Illumina HiSeq 2000,SRP091981,PRJNA321560,,321560,SRS1757348,SAMN05919712,simple,9606,Homo sapiens,siCLK3 in HCT116,,,,,male,,no,,,,,,SRA492450,,public,D6B0B607E458F778EEC916E14A8BB98F,FED069876913CADE8AD244020669F73E
SRR5009524,2017-01-09 12:28:26,2016-11-09 17:46:55,628476,177124000,628476,281,91,,https://sra-download.ncbi.nlm.nih.gov/traces/sra8/SRR/004892/SRR5009524,SRX2340720,siCPEB3-2_RNA-Seq_targeted_MiSeq,RNA-Seq,RT-PCR,TRANSCRIPTOMIC,PAIRED,0,0,ILLUMINA,Illumina MiSeq,SRP091981,PRJNA321560,,321560,SRS1757297,SAMN05919728,simple,9606,Homo sapiens,siCPEB3-2 in HCT116,,,,,male,,no,,,,,,SRA492450,,public,4CC134C819530947A7890ABD12B27F6C,B6E080F653CE5BC2E9816670BB615690
SRR5009495,2017-01-09 12:28:26,2016-11-09 17:44:38,654665,185569740,654665,283,98,,https://sra-download.ncbi.nlm.nih.gov/traces/sra13/SRR/004892/SRR5009495,SRX2340691,siELAVL1-1_RNA-Seq_targeted_MiSeq,RNA-Seq,RT-PCR,TRANSCRIPTOMIC,PAIRED,0,0,ILLUMINA,Illumina MiSeq,SRP091981,PRJNA321560,,321560,SRS1757301,SAMN05919730,simple,9606,Homo sapiens,siELAVL1-1 in HCT116,,,,,male,,no,,,,,,SRA492450,,public,C60CB3869A482852826203A9F11F7A96,EA45EAF35AFA1A4CAEF895587DF7FFDF
SRR5009537,2017-01-09 12:28:26,2016-11-09 17:47:32,727575,196750129,727575,270,102,,https://sra-download.ncbi.nlm.nih.gov/traces/sra12/SRR/004892/SRR5009537,SRX2340733,siELAVL1-2_RNA-Seq_targeted_MiSeq,RNA-Seq,RT-PCR,TRANSCRIPTOMIC,PAIRED,0,0,ILLUMINA,Illumina MiSeq,SRP091981,PRJNA321560,,321560,SRS1757370,SAMN05919731,simple,9606,Homo sapiens,siELAVL1-2 in HCT116,,,,,male,,no,,,,,,SRA492450,,public,9751742E93134F53B7A9DB3EB0448CE4,785AE8BDEF3087AB1A10FDD313316B4F
SRR5009520,2017-01-09 12:28:26,2016-11-09 17:46:38,844559,240762156,844559,285,131,,https://sra-download.ncbi.nlm.nih.gov/traces/sra6/SRR/004892/SRR5009520,SRX2340716,siELAVL3-4_RNA-Seq_targeted_MiSeq,RNA-Seq,RT-PCR,TRANSCRIPTOMIC,PAIRED,0,0,ILLUMINA,Illumina MiSeq,SRP091981,PRJNA321560,,321560,SRS1757369,SAMN05919732,simple,9606,Homo sapiens,siELAVL3-4 in HCT116,,,,,male,,no,,,,,,SRA492450,,public,8967F1A67535D7135C068B95F0BA82A4,957D68F38B74408D6DBCBCFE934BED82
SRR5009500,2017-01-09 12:28:26,2016-11-09 17:39:45,222227,63174994,222227,284,34,,https://sra-download.ncbi.nlm.nih.gov/traces/sra13/SRR/004892/SRR5009500,SRX2340696,siHNRNPC-4_RNA-Seq_targeted_MiSeq,RNA-Seq,RT-PCR,TRANSCRIPTOMIC,PAIRED,0,0,ILLUMINA,Illumina MiSeq,SRP091981,PRJNA321560,,321560,SRS1757372,SAMN05919733,simple,9606,Homo sapiens,siHNRNPC-4 in HCT116,,,,,male,,no,,,,,,SRA492450,,public,44CE7532F06712ED9D7272228C8351F6,7F692D9B5456945327E1B921D5C7AE0E
SRR5009502,2017-01-09 12:28:26,2016-11-09 17:44:49,232560,67420800,232560,289,37,,https://sra-download.ncbi.nlm.nih.gov/traces/sra15/SRR/004892/SRR5009502,SRX2340698,siHNRNPF-3_RNA-Seq_targeted_MiSeq,RNA-Seq,RT-PCR,TRANSCRIPTOMIC,PAIRED,0,0,ILLUMINA,Illumina MiSeq,SRP091981,PRJNA321560,,321560,SRS1757371,SAMN05919734,simple,9606,Homo sapiens,siHNRNPF-3 in HCT116,,,,,male,,no,,,,,,SRA492450,,public,F30DB9C9F1861DD3D4D1B9E739C2F30C,724D357A6E75DBC89EAA72AE292E1886
SRR5009510,2017-01-09 12:28:26,2016-11-09 17:45:56,316521,92188831,316521,291,50,,https://sra-download.ncbi.nlm.nih.gov/traces/sra7/SRR/004892/SRR5009510,SRX2340706,siHNRNPH1-3_RNA-Seq_targeted_MiSeq,RNA-Seq,RT-PCR,TRANSCRIPTOMIC,PAIRED,0,0,ILLUMINA,Illumina MiSeq,SRP091981,PRJNA321560,,321560,SRS1757375,SAMN05919735,simple,9606,Homo sapiens,siHNRNPH1-3 in HCT116,,,,,male,,no,,,,,,SRA492450,,public,F966C09EC82F2B671BA3FFC416FD8D0C,F92CFFF4C0AC36E455D1951A15F193D9
SRR5009541,2017-01-09 12:28:26,2016-11-09 17:47:23,306667,86342862,306667,281,48,,https://sra-download.ncbi.nlm.nih.gov/traces/sra15/SRR/004892/SRR5009541,SRX2340737,siHNRNPH2-4_RNA-Seq_targeted_MiSeq,RNA-Seq,RT-PCR,TRANSCRIPTOMIC,PAIRED,0,0,ILLUMINA,Illumina MiSeq,SRP091981,PRJNA321560,,321560,SRS1757374,SAMN05919738,simple,9606,Homo sapiens,siHNRNPH2-4 in HCT116,,,,,male,,no,,,,,,SRA492450,,public,8EB9B90AB5980CA2CDCE16013257A539,A267436D0B81CD3CF9F16D0D118C2F91
SRR5009522,2017-01-09 12:28:26,2016-11-09 17:46:43,233539,67532639,233539,289,38,,https://sra-download.ncbi.nlm.nih.gov/traces/sra2/SRR/004892/SRR5009522,SRX2340718,siKHDRBS1-4_RNA-Seq_targeted_MiSeq,RNA-Seq,RT-PCR,TRANSCRIPTOMIC,PAIRED,0,0,ILLUMINA,Illumina MiSeq,SRP091981,PRJNA321560,,321560,SRS1757376,SAMN05919740,simple,9606,Homo sapiens,siKHDRBS1-4 in HCT116,,,,,male,,no,,,,,,SRA492450,,public,6DE20DC2767549DCF8D63DAD12562A95,B32E8E879820D507DC002E6360888649
SRR5009536,2017-01-09 12:28:26,2016-11-09 17:47:11,277357,76475194,277357,275,42,,https://sra-download.ncbi.nlm.nih.gov/traces/sra2/SRR/004892/SRR5009536,SRX2340732,siLIN28B-2_RNA-Seq_targeted_MiSeq,RNA-Seq,RT-PCR,TRANSCRIPTOMIC,PAIRED,0,0,ILLUMINA,Illumina MiSeq,SRP091981,PRJNA321560,,321560,SRS1757327,SAMN05919742,simple,9606,Homo sapiens,siLIN28B-2 in HCT116,,,,,male,,no,,,,,,SRA492450,,public,80BAAF922324A9E03CB5CBBA302D1FB2,87AED71DFBF3A44CFE4357F935A1BF38
SRR5009531,2017-01-09 12:28:26,2016-11-09 17:46:51,502617,139392304,502617,277,77,,https://sra-download.ncbi.nlm.nih.gov/traces/sra12/SRR/004892/SRR5009531,SRX2340727,siMATR3-1_RNA-Seq_targeted_MiSeq,RNA-Seq,RT-PCR,TRANSCRIPTOMIC,PAIRED,0,0,ILLUMINA,Illumina MiSeq,SRP091981,PRJNA321560,,321560,SRS1757328,SAMN05919743,simple,9606,Homo sapiens,siMATR3-1 in HCT116,,,,,male,,no,,,,,,SRA492450,,public,C4C2E5E15492E2DFF6B4133FFA2A168D,0A4A2A7E086F229301AF1A41AD159429
SRR5009503,2017-01-09 12:28:26,2016-11-09 17:45:07,686299,184369758,686299,268,94,,https://sra-download.ncbi.nlm.nih.gov/traces/sra2/SRR/004892/SRR5009503,SRX2340699,siNT-Plate-1_RNA-Seq_targeted_MiSeq,RNA-Seq,RT-PCR,TRANSCRIPTOMIC,PAIRED,0,0,ILLUMINA,Illumina MiSeq,SRP091981,PRJNA321560,,321560,SRS1757330,SAMN05919745,simple,9606,Homo sapiens,siNT-Plate-1 in HCT116,,,,,male,,no,,,,,,SRA492450,,public,08474CFAD873EDE6A2975A446E722D6F,1CEDFFD3243EA82B85F6814FDD792464
SRR5009497,2017-01-09 12:28:26,2016-11-09 17:44:30,168701,47794619,168701,283,27,,https://sra-download.ncbi.nlm.nih.gov/traces/sra7/SRR/004892/SRR5009497,SRX2340693,siNT-Plate-2_RNA-Seq_targeted_MiSeq,RNA-Seq,RT-PCR,TRANSCRIPTOMIC,PAIRED,0,0,ILLUMINA,Illumina MiSeq,SRP091981,PRJNA321560,,321560,SRS1757331,SAMN05919746,simple,9606,Homo sapiens,siNT-Plate-2 in HCT116,,,,,male,,no,,,,,,SRA492450,,public,697A310D0F4CA3A056798F9A464641D3,2EA78B8A2AF155907D8770FE7A270F18
SRR5009533,2017-01-09 12:28:26,2016-11-09 17:47:17,573089,162713830,573089,283,84,,https://sra-download.ncbi.nlm.nih.gov/traces/sra12/SRR/004892/SRR5009533,SRX2340729,siNT-Plate-4_RNA-Seq_targeted_MiSeq,RNA-Seq,RT-PCR,TRANSCRIPTOMIC,PAIRED,0,0,ILLUMINA,Illumina MiSeq,SRP091981,PRJNA321560,,321560,SRS1757333,SAMN05919748,simple,9606,Homo sapiens,siNT-Plate-4 in HCT116,,,,,male,,no,,,,,,SRA492450,,public,2423451E9275D9B04AA8C93F0C22ABF1,082309FD0504901FF0F9A8BD343EDAFD
SRR5009529,2017-01-09 12:28:26,2016-11-09 17:46:43,314450,83039215,314450,264,46,,https://sra-download.ncbi.nlm.nih.gov/traces/sra8/SRR/004892/SRR5009529,SRX2340725,siPCBP2-1_RNA-Seq_targeted_MiSeq,RNA-Seq,RT-PCR,TRANSCRIPTOMIC,PAIRED,0,0,ILLUMINA,Illumina MiSeq,SRP091981,PRJNA321560,,321560,SRS1757324,SAMN05919749,simple,9606,Homo sapiens,siPCBP2-1 in HCT116,,,,,male,,no,,,,,,SRA492450,,public,3180D0FA05B0EF250FAC04AE118071FC,E6C650A28CB2126B537BB11AE1D17675
SRR5009511,2017-01-09 12:28:26,2016-11-09 17:45:53,311039,82570105,311039,265,46,,https://sra-download.ncbi.nlm.nih.gov/traces/sra1/SRR/004892/SRR5009511,SRX2340707,siPCBP2-4_RNA-Seq_targeted_MiSeq,RNA-Seq,RT-PCR,TRANSCRIPTOMIC,PAIRED,0,0,ILLUMINA,Illumina MiSeq,SRP091981,PRJNA321560,,321560,SRS1757325,SAMN05919750,simple,9606,Homo sapiens,siPCBP2-4 in HCT116,,,,,male,,no,,,,,,SRA492450,,public,12168D65A812736A00F976D5854D0D40,2CF22349DDE41D9CC4D022F9CBF6C3BE
SRR5009506,2017-01-09 12:28:26,2016-11-09 17:45:29,183265,50589268,183265,276,29,,https://sra-download.ncbi.nlm.nih.gov/traces/sra8/SRR/004892/SRR5009506,SRX2340702,siPTBP1-2_RNA-Seq_targeted_MiSeq,RNA-Seq,RT-PCR,TRANSCRIPTOMIC,PAIRED,0,0,ILLUMINA,Illumina MiSeq,SRP091981,PRJNA321560,,321560,SRS1757315,SAMN05919756,simple,9606,Homo sapiens,siPTBP1-2 in HCT116,,,,,male,,no,,,,,,SRA492450,,public,772C95F293C58DBAB911721D22A1FA5B,630CA531314BAF007C2525B8E1A01217
SRR5009508,2017-01-09 12:28:26,2016-11-09 17:45:30,198225,55149572,198225,278,31,,https://sra-download.ncbi.nlm.nih.gov/traces/sra7/SRR/004892/SRR5009508,SRX2340704,siPTBP1-4_RNA-Seq_targeted_MiSeq,RNA-Seq,RT-PCR,TRANSCRIPTOMIC,PAIRED,0,0,ILLUMINA,Illumina MiSeq,SRP091981,PRJNA321560,,321560,SRS1757314,SAMN05919757,simple,9606,Homo sapiens,siPTBP1-4 in HCT116,,,,,male,,no,,,,,,SRA492450,,public,4B8714217BD0C0BC8EB7D902B3115803,263F594F2F428A79183A6382C7E0F3B6
SRR5009518,2017-01-09 12:28:26,2016-11-09 17:46:56,771095,196522922,771095,254,105,,https://sra-download.ncbi.nlm.nih.gov/traces/sra7/SRR/004892/SRR5009518,SRX2340714,siPTBP2-4_RNA-Seq_targeted_MiSeq,RNA-Seq,RT-PCR,TRANSCRIPTOMIC,PAIRED,0,0,ILLUMINA,Illumina MiSeq,SRP091981,PRJNA321560,,321560,SRS1757312,SAMN05919759,simple,9606,Homo sapiens,siPTBP2-4 in HCT116,,,,,male,,no,,,,,,SRA492450,,public,F5E083516D791D72A079158244941DB1,92E78C1D4A4999926FB9A32A9B2A91B3
SRR5009489,2017-01-09 12:28:26,2016-11-09 17:43:58,331889,96683036,331889,291,52,,https://sra-download.ncbi.nlm.nih.gov/traces/sra13/SRR/004892/SRR5009489,SRX2340685,siRALY-2_RNA-Seq_targeted_MiSeq,RNA-Seq,RT-PCR,TRANSCRIPTOMIC,PAIRED,0,0,ILLUMINA,Illumina MiSeq,SRP091981,PRJNA321560,,321560,SRS1757361,SAMN05919762,simple,9606,Homo sapiens,siRALY-2 in HCT116,,,,,male,,no,,,,,,SRA492450,,public,22EE06A4534471C9509C441C2587DFEB,A8D396E25534E4A156A69172A7D44F44
SRR5009488,2017-01-09 12:28:26,2016-11-09 17:44:25,721258,188493216,721258,261,98,,https://sra-download.ncbi.nlm.nih.gov/traces/sra8/SRR/004892/SRR5009488,SRX2340684,siRBM38-3_RNA-Seq_targeted_MiSeq,RNA-Seq,RT-PCR,TRANSCRIPTOMIC,PAIRED,0,0,ILLUMINA,Illumina MiSeq,SRP091981,PRJNA321560,,321560,SRS1757357,SAMN05919766,simple,9606,Homo sapiens,siRBM38-3 in HCT116,,,,,male,,no,,,,,,SRA492450,,public,FAD8B836EEB19E1AB996B94969A9A84A,64791881E7A3E03783822C3DFC6208AB
SRR5009527,2017-01-09 12:28:26,2016-11-09 17:46:59,714374,196487310,714374,275,102,,https://sra-download.ncbi.nlm.nih.gov/traces/sra15/SRR/004892/SRR5009527,SRX2340723,siSRRM2-3_RNA-Seq_targeted_MiSeq,RNA-Seq,RT-PCR,TRANSCRIPTOMIC,PAIRED,0,0,ILLUMINA,Illumina MiSeq,SRP091981,PRJNA321560,,321560,SRS1757341,SAMN05919773,simple,9606,Homo sapiens,siSRRM2-3 in HCT116,,,,,male,,no,,,,,,SRA492450,,public,6152F12ED5EB29D9A900F64833484396,4DEFE03D7A67DA8BDCED7CF00D141320
SRR5009499,2017-01-09 12:28:26,2016-11-09 17:44:57,576596,160446697,576596,278,87,,https://sra-download.ncbi.nlm.nih.gov/traces/sra2/SRR/004892/SRR5009499,SRX2340695,siSRSF1-1_RNA-Seq_targeted_MiSeq,RNA-Seq,RT-PCR,TRANSCRIPTOMIC,PAIRED,0,0,ILLUMINA,Illumina MiSeq,SRP091981,PRJNA321560,,321560,SRS1757335,SAMN05919775,simple,9606,Homo sapiens,siSRSF1-1 in HCT116,,,,,male,,no,,,,,,SRA492450,,public,0243BDA8E98B163810BA3388F7B80B7F,AD3EA49761D5BCB836D6362A8FA8F014
SRR5009538,2017-01-09 12:28:26,2016-11-09 18:35:14,85788446,12868266900,85788446,150,6041,,https://sra-download.ncbi.nlm.nih.gov/traces/sra2/SRR/004892/SRR5009538,SRX2340734,SA612_RNA-Seq_stranded_HiSeq,RNA-Seq,cDNA,TRANSCRIPTOMIC,PAIRED,0,0,ILLUMINA,Illumina HiSeq 2500,SRP091981,PRJNA321560,,321560,SRS1757344,SAMN05919720,simple,9606,Homo sapiens,untreated HCT116 -2,,,,,male,,no,,,,,,SRA492450,,public,C2D9C08C376EF6099C770D1049D008FA,7093EC8C146B4DFD60EC70CE451AC584
SRR5009381,2017-01-09 12:28:26,2016-11-09 17:39:21,952152,287549904,952152,302,151,,https://sra-download.ncbi.nlm.nih.gov/traces/sra2/SRR/004891/SRR5009381,SRX2340577,SA465_RNA-Seq_targeted_MiSeq,RNA-Seq,RT-PCR,TRANSCRIPTOMIC,PAIRED,0,0,ILLUMINA,Illumina MiSeq,SRP091981,PRJNA321560,,321560,SRS1757303,SAMN05919700,simple,9606,Homo sapiens,0.05 uM T3 treated HCT116,,,,,male,,no,,,,,,SRA492450,,public,412CAADF056C0153A30E9BADAA6D1C47,FF11633D480E2DBF73378656728E106D
SRR5009378,2017-01-09 12:28:26,2016-11-09 17:40:14,1320817,398886734,1320817,302,201,,https://sra-download.ncbi.nlm.nih.gov/traces/sra8/SRR/004891/SRR5009378,SRX2340574,SA466_RNA-Seq_targed_MiSeq,RNA-Seq,RT-PCR,TRANSCRIPTOMIC,PAIRED,0,0,ILLUMINA,Illumina MiSeq,SRP091981,PRJNA321560,,321560,SRS1757304,SAMN05919701,simple,9606,Homo sapiens,0.1 uM T3 treated HCT116,,,,,male,,no,,,,,,SRA492450,,public,FC359E18D5B2DD8DBE4C9AD43BC32D4F,0CB6C8F733750B8C715172762FDB03A6
SRR5009464,2017-01-09 12:28:26,2016-11-09 18:09:51,91929941,13789491150,91929941,150,9343,,https://sra-download.ncbi.nlm.nih.gov/traces/sra2/SRR/004892/SRR5009464,SRX2340660,SA466_RNA-Seq_unstranded_HiSeq,RNA-Seq,cDNA,TRANSCRIPTOMIC,PAIRED,0,0,ILLUMINA,Illumina HiSeq 2000,SRP091981,PRJNA321560,,321560,SRS1757304,SAMN05919701,simple,9606,Homo sapiens,0.1 uM T3 treated HCT116,,,,,male,,no,,,,,,SRA492450,,public,57252FB83EE15A2B49966F969842250A,55D771481C2E3955011D2C46B9D4EDD8
SRR5009426,2017-01-09 12:28:26,2016-11-09 18:22:27,110166494,16524974100,110166494,150,10543,,https://sra-download.ncbi.nlm.nih.gov/traces/sra2/SRR/004892/SRR5009426,SRX2340622,SA503_RNA-Seq_stranded_HiSeq,RNA-Seq,cDNA,TRANSCRIPTOMIC,PAIRED,0,0,ILLUMINA,Illumina HiSeq 2000,SRP091981,PRJNA321560,,321560,SRS1757364,SAMN05919707,simple,9606,Homo sapiens,0.5 uM T3 treated 184-hTert,,,,,female,,no,,,,,,SRA492450,,public,9B4868836D98A45713A1BAF29BBDBC44,5D9FB68EA25554829ACBCB61AD5B7454
SRR5009377,2017-01-09 12:28:26,2016-11-09 19:16:30,208757844,31313676600,208757844,150,18157,,https://sra-download.ncbi.nlm.nih.gov/traces/sra2/SRR/004891/SRR5009377,SRX2340573,SA538-SA830_RNA-Seq_stranded_HiSeq,RNA-Seq,cDNA,TRANSCRIPTOMIC,PAIRED,0,0,ILLUMINA,Illumina HiSeq 2000,SRP091981,PRJNA321560,,321560,SRS1757302,SAMN05919702,simple,9606,Homo sapiens,0.5 uM T3 treated HCT116,,,,,male,,no,,,,,,SRA492450,,public,762CAD0D805B019EAF928A63ACBB168F,DEAABF78AAA0469D9719B2B5EA6F7751
SRR5009459,2017-01-09 12:28:26,2016-11-09 18:37:32,113210576,16981586400,113210576,150,11506,,https://sra-download.ncbi.nlm.nih.gov/traces/sra8/SRR/004892/SRR5009459,SRX2340655,SA467_RNA-Seq_unstranded_HiSeq,RNA-Seq,cDNA,TRANSCRIPTOMIC,PAIRED,0,0,ILLUMINA,Illumina HiSeq 2000,SRP091981,PRJNA321560,,321560,SRS1757302,SAMN05919702,simple,9606,Homo sapiens,0.5 uM T3 treated HCT116,,,,,male,,no,,,,,,SRA492450,,public,FF65F819A7DD5AF3FA7B0978E56A25B5,91E47A9CDF6C97BE0843FE8B3AE3F368
SRR5009467,2017-01-09 12:28:26,2016-11-09 19:28:24,103773532,15566029800,103773532,150,10658,,https://sra-download.ncbi.nlm.nih.gov/traces/sra7/SRR/004892/SRR5009467,SRX2340663,SA504_RNA-Seq_stranded_HiSeq,RNA-Seq,cDNA,TRANSCRIPTOMIC,PAIRED,0,0,ILLUMINA,Illumina HiSeq 2000,SRP091981,PRJNA321560,,321560,SRS1757365,SAMN05919708,simple,9606,Homo sapiens,1.0 uM T3 treated 184-hTert,,,,,female,,no,,,,,,SRA492450,,public,D80C7C1A8F3F3ED10EF8145179ABA94B,702B658B3468126452C2BC5FD45D6E43
SRR5009462,2017-01-09 12:28:26,2016-11-09 19:16:31,220421738,33063260700,220421738,150,18587,,https://sra-download.ncbi.nlm.nih.gov/traces/sra7/SRR/004892/SRR5009462,SRX2340658,SA539-SA831_RNA-Seq_stranded_HiSeq,RNA-Seq,cDNA,TRANSCRIPTOMIC,PAIRED,0,0,ILLUMINA,Illumina HiSeq 2000,SRP091981,PRJNA321560,,321560,SRS1757323,SAMN05919703,simple,9606,Homo sapiens,1.0 uM T3 treated HCT116,,,,,male,,no,,,,,,SRA492450,,public,80D2606CB38790E3B976F1B786389A79,5FE79C773EBBB53A3FCE5E1652C791AC
SRR5009453,2017-01-09 12:28:26,2016-11-09 18:05:02,83443074,12516461100,83443074,150,8282,,https://sra-download.ncbi.nlm.nih.gov/traces/sra2/SRR/004892/SRR5009453,SRX2340649,SA468_RNA-Seq_unstranded_HiSeq,RNA-Seq,cDNA,TRANSCRIPTOMIC,PAIRED,0,0,ILLUMINA,Illumina HiSeq 2000,SRP091981,PRJNA321560,,321560,SRS1757323,SAMN05919703,simple,9606,Homo sapiens,1.0 uM T3 treated HCT116,,,,,male,,no,,,,,,SRA492450,,public,35FE60B239EB0E440B3F4BF792152211,0565B97F7C4C701019D154B2D4D98D0D
SRR5009383,2017-01-09 12:28:26,2016-11-09 18:37:41,198991493,29848723950,198991493,150,19675,,https://sra-download.ncbi.nlm.nih.gov/traces/sra12/SRR/004891/SRR5009383,SRX2340579,SA470_RNA-Seq_unstranded_HiSeq,RNA-Seq,cDNA,TRANSCRIPTOMIC,PAIRED,0,0,ILLUMINA,Illumina HiSeq 2000,SRP091981,PRJNA321560,,321560,SRS1757321,SAMN05919705,simple,9606,Homo sapiens,10 uM T3 treated HCT116,,,,,male,,no,,,,,,SRA492450,,public,000283548167C592E967FDF3D05781A2,4535451C537CA50BBB21771CD3371464
SRR5009418,2017-01-09 12:28:26,2016-11-09 18:25:57,109519944,16427991600,109519944,150,7668,,https://sra-download.ncbi.nlm.nih.gov/traces/sra15/SRR/004892/SRR5009418,SRX2340614,SA622_RNA-Seq_stranded_HiSeq,RNA-Seq,cDNA,TRANSCRIPTOMIC,PAIRED,0,0,ILLUMINA,Illumina HiSeq 2500,SRP091981,PRJNA321560,,321560,SRS1757298,SAMN05919725,simple,9606,Homo sapiens,10 um KH-CB19 treated HCT116,,,,,male,,no,,,,,,SRA492450,,public,EDA1392D443C6B2BF918D3C9D2EE91B4,7165543C1E175BF8E3B8F1DFA9F80E2F
SRR5009437,2017-01-09 12:28:26,2016-11-09 18:25:02,114570484,17185572600,114570484,150,11296,,https://sra-download.ncbi.nlm.nih.gov/traces/sra2/SRR/004892/SRR5009437,SRX2340633,SA469_RNA-Seq_unstranded_HiSeq,RNA-Seq,cDNA,TRANSCRIPTOMIC,PAIRED,0,0,ILLUMINA,Illumina HiSeq 2000,SRP091981,PRJNA321560,,321560,SRS1757322,SAMN05919704,simple,9606,Homo sapiens,5 uM T3 treated HCT116,,,,,male,,no,,,,,,SRA492450,,public,DFB6B39E22CC5C912F6B3CEDD885613C,4508721DDA2F04D6330A4A47BC1F4726
SRR5009392,2017-01-09 12:28:26,2016-11-09 19:51:19,198334805,29750220750,198334805,150,16857,,https://sra-download.ncbi.nlm.nih.gov/traces/sra12/SRR/004891/SRR5009392,SRX2340588,SA540-SA832_RNA-Seq_stranded_HiSeq,RNA-Seq,cDNA,TRANSCRIPTOMIC,PAIRED,0,0,ILLUMINA,Illumina HiSeq 2000,SRP091981,PRJNA321560,,321560,SRS1757322,SAMN05919704,simple,9606,Homo sapiens,5 uM T3 treated HCT116,,,,,male,,no,,,,,,SRA492450,,public,7050E504A0DCD758F30BA3E7B220BB16,61FC461D78C17940C387E4FA9E44FC8D
SRR5009444,2017-01-09 12:28:26,2016-11-09 18:17:50,97966736,14695010400,97966736,150,6492,,https://sra-download.ncbi.nlm.nih.gov/traces/sra12/SRR/004892/SRR5009444,SRX2340640,SA832-R1_RNA-Seq_stranded_HiSeq,RNA-Seq,cDNA,TRANSCRIPTOMIC,PAIRED,0,0,ILLUMINA,Illumina HiSeq 2000,SRP091981,PRJNA321560,,321560,SRS1757322,SAMN05919704,simple,9606,Homo sapiens,5 uM T3 treated HCT116,,,,,male,,no,,,,,,SRA492450,,public,B0401449F7EBB6192432A1C41AD0619D,E81ABF9CC7D724688BD84C41D804053F
SRR5009479,2017-01-09 12:28:26,2016-11-09 17:44:58,2897518,875050436,2897518,302,437,,https://sra-download.ncbi.nlm.nih.gov/traces/sra8/SRR/004892/SRR5009479,SRX2340675,SA469-SA540_RNA-Seq_targeted_MiSeq,RNA-Seq,RT-PCR,TRANSCRIPTOMIC,PAIRED,0,0,ILLUMINA,Illumina MiSeq,SRP091981,PRJNA321560,,321560,SRS1757322,SAMN05919704,simple,9606,Homo sapiens,5 uM T3 treated HCT116,,,,,male,,no,,,,,,SRA492450,,public,C7E512894936B9ECDC201062C5B9EB40,280034056E1C2DFE5DF5A514C65694EA
SRR5009408,2017-01-09 12:28:26,2016-11-09 18:06:17,84595384,12689307600,84595384,150,5944,,https://sra-download.ncbi.nlm.nih.gov/traces/sra7/SRR/004892/SRR5009408,SRX2340604,SA621_RNA-Seq_stranded_HiSeq,RNA-Seq,cDNA,TRANSCRIPTOMIC,PAIRED,0,0,ILLUMINA,Illumina HiSeq 2500,SRP091981,PRJNA321560,,321560,SRS1757293,SAMN05919724,simple,9606,Homo sapiens,5 um KH-CB19 treated HCT116,,,,,male,,no,,,,,,SRA492450,,public,7E4B4003D6F92EEAC2F58D64118FE0B7,18066E0147AF7828CFF242572A477F01
SRR5009389,2017-01-09 12:28:26,2016-11-09 17:39:22,1234720,372885440,1234720,302,196,,https://sra-download.ncbi.nlm.nih.gov/traces/sra12/SRR/004891/SRR5009389,SRX2340585,SA505_RNA-Seq_targeted_MiSeq,RNA-Seq,RT-PCR,TRANSCRIPTOMIC,PAIRED,0,0,ILLUMINA,Illumina MiSeq,SRP091981,PRJNA321560,,321560,SRS1757366,SAMN05919709,simple,9606,Homo sapiens,5.0 uM T3 treated 184-hTert,,,,,female,,no,,,,,,SRA492450,,public,82CC02219AE64B6B722DD4438D9C0F4B,67C3CD381FE0F853D76BC68CCA063358
SRR5009388,2017-01-09 12:28:26,2016-11-09 18:18:07,97719088,14657863200,97719088,150,9264,,https://sra-download.ncbi.nlm.nih.gov/traces/sra8/SRR/004891/SRR5009388,SRX2340584,SA572_RNA-Seq_stranded_HiSeq,RNA-Seq,cDNA,TRANSCRIPTOMIC,PAIRED,0,0,ILLUMINA,Illumina HiSeq 2000,SRP091981,PRJNA321560,,321560,SRS1757350,SAMN05919718,simple,9606,Homo sapiens,Non-targeting in HCT116,,,,,male,,no,,,,,,SRA492450,,public,992B98D76E11C7CEBBC86C1FE7CB0124,0DB97534779859D71E625875F54C71CD
SRR5009461,2017-01-09 12:28:26,2016-11-09 17:42:28,1627325,448929062,1627325,275,212,,https://sra-download.ncbi.nlm.nih.gov/traces/sra42/SRR/004892/SRR5009461,SRX2340657,NT-48hr_RNA-Seq_targeted_MiSeq,RNA-Seq,RT-PCR,TRANSCRIPTOMIC,PAIRED,0,0,ILLUMINA,Illumina MiSeq,SRP091981,PRJNA321560,,321560,SRS1792208,SAMN05919788,simple,9606,Homo sapiens,Non-targeting in HCT116 - 48 hr,,,,,male,,no,,,,,,SRA492450,,public,25035EE3737E13017A592A6B6E2D6DCC,AE398CDC2C2F19D1853BCA254E9070C1
SRR5009413,2017-01-09 12:28:26,2016-11-09 17:39:51,1279828,355592010,1279828,277,176,,https://sra-download.ncbi.nlm.nih.gov/traces/sra2/SRR/004892/SRR5009413,SRX2340609,SRRM1-48hr_RNA-Seq_targeted_MiSeq,RNA-Seq,RT-PCR,TRANSCRIPTOMIC,PAIRED,0,0,ILLUMINA,Illumina MiSeq,SRP091981,PRJNA321560,,321560,SRS1792206,SAMN05919786,simple,9606,Homo sapiens,SRRM1 in HCT116 - 48 hr,,,,,male,,no,,,,,,SRA492450,,public,A59CE2C08CBB9B385F01DEE0D6CE0CA4,685942010A76A631607637D125B91A7F
SRR5009400,2017-01-09 12:28:26,2016-11-09 17:39:04,695728,210109856,695728,302,113,,https://sra-download.ncbi.nlm.nih.gov/traces/sra8/SRR/004891/SRR5009400,SRX2340596,SA502_RNA-Seq_targeted_MiSeq,RNA-Seq,RT-PCR,TRANSCRIPTOMIC,PAIRED,0,0,ILLUMINA,Illumina MiSeq,SRP091981,PRJNA321560,,321560,SRS1757367,SAMN05919706,simple,9606,Homo sapiens,Untreated 184-hTert,,,,,female,,no,,,,,,SRA492450,,public,650892134482F7F0FC0AA0A6AF8B6AB9,1C171BACCB8E13CA7C219794BE0756E2
SRR5009483,2017-01-09 12:28:26,2016-11-09 18:17:04,111391512,16708726800,111391512,150,11293,,https://sra-download.ncbi.nlm.nih.gov/traces/sra6/SRR/004892/SRR5009483,SRX2340679,SA502_RNA-Seq_stranded_HiSeq,RNA-Seq,cDNA,TRANSCRIPTOMIC,PAIRED,0,0,ILLUMINA,Illumina HiSeq 2000,SRP091981,PRJNA321560,,321560,SRS1757367,SAMN05919706,simple,9606,Homo sapiens,Untreated 184-hTert,,,,,female,,no,,,,,,SRA492450,,public,78B925A8A79E8F4CEDC9355509B8E5A0,FCFE096A5B8E237FB057206BAC60ECAB
SRR5009474,2017-01-09 12:28:26,2016-11-09 18:33:47,172611754,25891763100,172611754,150,14330,,https://sra-download.ncbi.nlm.nih.gov/traces/sra2/SRR/004892/SRR5009474,SRX2340670,SA537-SA828_RNA-Seq_stranded_HiSeq,RNA-Seq,cDNA,TRANSCRIPTOMIC,PAIRED,0,0,ILLUMINA,Illumina HiSeq 2000,SRP091981,PRJNA321560,,321560,SRS1757305,SAMN05919699,simple,9606,Homo sapiens,Untreated HCT116,,,,,male,,no,,,,,,SRA492450,,public,5C7B0AD9099264E07772E5A3085E38E3,F612C7745CAFC4611B74D77D0929286D
SRR5009406,2017-01-09 12:28:26,2016-11-09 18:07:30,90951151,13642672650,90951151,150,8785,,https://sra-download.ncbi.nlm.nih.gov/traces/sra6/SRR/004891/SRR5009406,SRX2340602,SA464_RNA-Seq_unstranded_HiSeq,RNA-Seq,cDNA,TRANSCRIPTOMIC,PAIRED,0,0,ILLUMINA,Illumina HiSeq 2000,SRP091981,PRJNA321560,,321560,SRS1757305,SAMN05919699,simple,9606,Homo sapiens,Untreated HCT116,,,,,male,,no,,,,,,SRA492450,,public,160D8350C54A244DC49D696B79759CC5,EAB8DF206C29BC0075706B239FE99D34
SRR5009446,2017-01-09 12:28:26,2016-11-09 18:16:59,119857468,17978620200,119857468,150,11546,,https://sra-download.ncbi.nlm.nih.gov/traces/sra2/SRR/004892/SRR5009446,SRX2340642,SA573_RNA-Seq_stranded_HiSeq,RNA-Seq,cDNA,TRANSCRIPTOMIC,PAIRED,0,0,ILLUMINA,Illumina HiSeq 2000,SRP091981,PRJNA321560,,321560,SRS1757345,SAMN05919719,simple,9606,Homo sapiens,no siRNA in HCT116,,,,,male,,no,,,,,,SRA492450,,public,B6838AF8E8FE8E965B83655B90FEEB24,E1E2B278AA1A81815A0F334E9C43A095
SRR5009411,2017-01-09 12:28:26,2016-11-09 18:07:29,86468723,12970308450,86468723,150,8351,,https://sra-download.ncbi.nlm.nih.gov/traces/sra8/SRR/004892/SRR5009411,SRX2340607,SA564_RNA-Seq_stranded_HiSeq,RNA-Seq,cDNA,TRANSCRIPTOMIC,PAIRED,0,0,ILLUMINA,Illumina HiSeq 2000,SRP091981,PRJNA321560,,321560,SRS1757368,SAMN05919710,simple,9606,Homo sapiens,siCLK1 in HCT116,,,,,male,,no,,,,,,SRA492450,,public,55A3258E450FBCEE78E993176E5BE5B3,E0CA4C493CD1536263CB375E90D2D344
SRR5009452,2017-01-09 12:28:26,2016-11-09 18:19:38,125256988,18788548200,125256988,150,12180,,https://sra-download.ncbi.nlm.nih.gov/traces/sra2/SRR/004892/SRR5009452,SRX2340648,SA568_RNA-Seq_stranded_HiSeq,RNA-Seq,cDNA,TRANSCRIPTOMIC,PAIRED,0,0,ILLUMINA,Illumina HiSeq 2000,SRP091981,PRJNA321560,,321560,SRS1757346,SAMN05919714,simple,9606,Homo sapiens,"siCLK1,siCLK2,siCLK3 in HCT116",,,,,male,,no,,,,,,SRA492450,,public,67AD3DDF58218BEDB25EE8EFF932E0D5,2E919D239EAEA93316A020D0D35BAAD5
SRR5009477,2017-01-09 12:28:26,2016-11-09 18:14:17,103122929,15468439350,103122929,150,10071,,https://sra-download.ncbi.nlm.nih.gov/traces/sra7/SRR/004892/SRR5009477,SRX2340673,SA570_RNA-Seq_stranded_HiSeq,RNA-Seq,cDNA,TRANSCRIPTOMIC,PAIRED,0,0,ILLUMINA,Illumina HiSeq 2000,SRP091981,PRJNA321560,,321560,SRS1757352,SAMN05919716,simple,9606,Homo sapiens,"siCLK1,siCLK2,siCLK4 in HCT116",,,,,male,,no,,,,,,SRA492450,,public,03EDAA8BBC16EC98AE2BD1B0A8BD180A,C9B65E29441B5B00ED53243D15125C74
SRR5009385,2017-01-09 12:28:26,2016-11-09 18:10:51,97782773,14667415950,97782773,150,9296,,https://sra-download.ncbi.nlm.nih.gov/traces/sra2/SRR/004891/SRR5009385,SRX2340581,SA571_RNA-Seq_stranded_HiSeq,RNA-Seq,cDNA,TRANSCRIPTOMIC,PAIRED,0,0,ILLUMINA,Illumina HiSeq 2000,SRP091981,PRJNA321560,,321560,SRS1757351,SAMN05919717,simple,9606,Homo sapiens,siCLK1-4 in HCT116,,,,,male,,no,,,,,,SRA492450,,public,272F27BCCDDA15B83594168A000A3165,0E941B84B29CD46F0B681D407134E234
SRR5009443,2017-01-09 12:28:26,2016-11-09 18:23:22,101040586,15156087900,101040586,150,9820,,https://sra-download.ncbi.nlm.nih.gov/traces/sra2/SRR/004892/SRR5009443,SRX2340639,SA565_RNA-Seq_stranded_HiSeq,RNA-Seq,cDNA,TRANSCRIPTOMIC,PAIRED,0,0,ILLUMINA,Illumina HiSeq 2000,SRP091981,PRJNA321560,,321560,SRS1757349,SAMN05919711,simple,9606,Homo sapiens,siCLK2 in HCT116,,,,,male,,no,,,,,,SRA492450,,public,FF687EFDDF53342C095BD85AE96F714C,E11DF1FD2955E88026F5DC38577EB15A
SRR5009415,2017-01-09 12:28:26,2016-11-09 18:11:26,79532304,11929845600,79532304,150,7723,,https://sra-download.ncbi.nlm.nih.gov/traces/sra12/SRR/004892/SRR5009415,SRX2340611,SA569_RNA-Seq_stranded_HiSeq,RNA-Seq,cDNA,TRANSCRIPTOMIC,PAIRED,0,0,ILLUMINA,Illumina HiSeq 2000,SRP091981,PRJNA321560,,321560,SRS1757353,SAMN05919715,simple,9606,Homo sapiens,"siCLK3,siCLK4 in HCT116",,,,,male,,no,,,,,,SRA492450,,public,0BDC6934E19614F30DCA353016006E43,ED8138AE75103DA7760A52B622A9F686
SRR5009475,2017-01-09 12:28:26,2016-11-09 18:34:48,121511721,18226758150,121511721,150,11711,,https://sra-download.ncbi.nlm.nih.gov/traces/sra2/SRR/004892/SRR5009475,SRX2340671,SA567_RNA-Seq_stranded_HiSeq,RNA-Seq,cDNA,TRANSCRIPTOMIC,PAIRED,0,0,ILLUMINA,Illumina HiSeq 2000,SRP091981,PRJNA321560,,321560,SRS1757347,SAMN05919713,simple,9606,Homo sapiens,siCLK4 in HCT116,,,,,male,,no,,,,,,SRA492450,,public,7DC44D3BA8BE43F6BE177EDE4BEA1E1B,4E2188AA41DEF528F1250041341F80CC
SRR5009401,2017-01-09 12:28:26,2016-11-09 17:39:12,916428,256252989,916428,279,129,,https://sra-download.ncbi.nlm.nih.gov/traces/sra2/SRR/004891/SRR5009401,SRX2340597,siCPEB2-1_RNA-Seq_targeted_MiSeq,RNA-Seq,RT-PCR,TRANSCRIPTOMIC,PAIRED,0,0,ILLUMINA,Illumina MiSeq,SRP091981,PRJNA321560,,321560,SRS1757299,SAMN05919726,simple,9606,Homo sapiens,siCPEB2-1 in HCT116,,,,,male,,no,,,,,,SRA492450,,public,89223581F1744A215E0295C65123595C,86A1701363E4D2A07F16CC2F2C725E29
SRR5009486,2017-01-09 12:28:26,2016-11-09 17:43:47,588368,160492610,588368,272,84,,https://sra-download.ncbi.nlm.nih.gov/traces/sra15/SRR/004892/SRR5009486,SRX2340682,siCPEB3-1_RNA-Seq_targeted_MiSeq,RNA-Seq,RT-PCR,TRANSCRIPTOMIC,PAIRED,0,0,ILLUMINA,Illumina MiSeq,SRP091981,PRJNA321560,,321560,SRS1757296,SAMN05919727,simple,9606,Homo sapiens,siCPEB3-1 in HCT116,,,,,male,,no,,,,,,SRA492450,,public,FA29D8E9000EDE35BB20C06EFA1B7A94,A5ACB5ABD79EF4B5EDED981335437EDB
SRR5009370,2017-01-09 12:28:26,2016-11-09 17:39:04,659606,183821394,659606,278,95,,https://sra-download.ncbi.nlm.nih.gov/traces/sra2/SRR/004891/SRR5009370,SRX2340566,siDAZAP1-1_RNA-Seq_targeted_MiSeq,RNA-Seq,RT-PCR,TRANSCRIPTOMIC,PAIRED,0,0,ILLUMINA,Illumina MiSeq,SRP091981,PRJNA321560,,321560,SRS1757300,SAMN05919729,simple,9606,Homo sapiens,siDAZAP1-1 in HCT116,,,,,male,,no,,,,,,SRA492450,,public,9E5F9F2FB7D74B9E4F692E9B4D7EA557,0241DEFE5DA732345CFE837B0EB7FD33
SRR5009386,2017-01-09 12:28:26,2016-11-09 17:38:52,229551,66014343,229551,287,36,,https://sra-download.ncbi.nlm.nih.gov/traces/sra6/SRR/004891/SRR5009386,SRX2340582,siHNRNPH1-4_RNA-Seq_targeted_MiSeq,RNA-Seq,RT-PCR,TRANSCRIPTOMIC,PAIRED,0,0,ILLUMINA,Illumina MiSeq,SRP091981,PRJNA321560,,321560,SRS1757373,SAMN05919736,simple,9606,Homo sapiens,siHNRNPH1-4 in HCT116,,,,,male,,no,,,,,,SRA492450,,public,403BE283E67E539DB12AE86C59EFE394,BAD1E41AA18015A15B516982B5884B8F
SRR5009445,2017-01-09 12:28:26,2016-11-09 17:39:51,212940,62047437,212940,291,34,,https://sra-download.ncbi.nlm.nih.gov/traces/sra2/SRR/004892/SRR5009445,SRX2340641,siHNRNPH2-1_RNA-Seq_targeted_MiSeq,RNA-Seq,RT-PCR,TRANSCRIPTOMIC,PAIRED,0,0,ILLUMINA,Illumina MiSeq,SRP091981,PRJNA321560,,321560,SRS1757377,SAMN05919737,simple,9606,Homo sapiens,siHNRNPH2-1 in HCT116,,,,,male,,no,,,,,,SRA492450,,public,A457FF01263F816EF52E1FB9ABD7CD10,57C0B4EEFC89D82DCAD42E2B3AC75078
SRR5009455,2017-01-09 12:28:26,2016-11-09 17:40:39,220804,63829363,220804,289,36,,https://sra-download.ncbi.nlm.nih.gov/traces/sra12/SRR/004892/SRR5009455,SRX2340651,siKHDRBS1-1_RNA-Seq_targeted_MiSeq,RNA-Seq,RT-PCR,TRANSCRIPTOMIC,PAIRED,0,0,ILLUMINA,Illumina MiSeq,SRP091981,PRJNA321560,,321560,SRS1757378,SAMN05919739,simple,9606,Homo sapiens,siKHDRBS1-1 in HCT116,,,,,male,,no,,,,,,SRA492450,,public,855E04B379BBB484D2ED230AF7BF68BD,226EF8D8B6092AC9C638A2335F5E3ED2
SRR5009410,2017-01-09 12:28:26,2016-11-09 17:38:48,214294,60427782,214294,281,33,,https://sra-download.ncbi.nlm.nih.gov/traces/sra2/SRR/004892/SRR5009410,SRX2340606,siLIN28A-4_RNA-Seq_targeted_MiSeq,RNA-Seq,RT-PCR,TRANSCRIPTOMIC,PAIRED,0,0,ILLUMINA,Illumina MiSeq,SRP091981,PRJNA321560,,321560,SRS1757326,SAMN05919741,simple,9606,Homo sapiens,siLIN28A-4 in HCT116,,,,,male,,no,,,,,,SRA492450,,public,555DBB197F7712C5C6E82EC4889D0FE5,CB13876F3D44427D4E6626ED822EEC76
SRR5009457,2017-01-09 12:28:26,2016-11-09 17:41:14,278091,78551672,278091,282,42,,https://sra-download.ncbi.nlm.nih.gov/traces/sra1/SRR/004892/SRR5009457,SRX2340653,siMATR3-2_RNA-Seq_targeted_MiSeq,RNA-Seq,RT-PCR,TRANSCRIPTOMIC,PAIRED,0,0,ILLUMINA,Illumina MiSeq,SRP091981,PRJNA321560,,321560,SRS1757329,SAMN05919744,simple,9606,Homo sapiens,siMATR3-2 in HCT116,,,,,male,,no,,,,,,SRA492450,,public,0EC50E06913837EA9B3C7D088A1EDD2F,9ABEEC6C11D05E150687406748B02627
SRR5009372,2017-01-09 12:28:26,2016-11-09 17:38:49,182076,52496532,182076,288,29,,https://sra-download.ncbi.nlm.nih.gov/traces/sra7/SRR/004891/SRR5009372,SRX2340568,siNT-Plate-3_RNA-Seq_targeted_MiSeq,RNA-Seq,RT-PCR,TRANSCRIPTOMIC,PAIRED,0,0,ILLUMINA,Illumina MiSeq,SRP091981,PRJNA321560,,321560,SRS1757332,SAMN05919747,simple,9606,Homo sapiens,siNT-Plate-3 in HCT116,,,,,male,,no,,,,,,SRA492450,,public,49A1875E46927445F498F446DC78C804,E1D4DEC627F8D17ECA90ADFF6CFA0F0A
SRR5009397,2017-01-09 12:28:26,2016-11-09 17:39:35,434181,119036392,434181,274,66,,https://sra-download.ncbi.nlm.nih.gov/traces/sra12/SRR/004891/SRR5009397,SRX2340593,siPCBP3-1_RNA-Seq_targeted_MiSeq,RNA-Seq,RT-PCR,TRANSCRIPTOMIC,PAIRED,0,0,ILLUMINA,Illumina MiSeq,SRP091981,PRJNA321560,,321560,SRS1757320,SAMN05919751,simple,9606,Homo sapiens,siPCBP3-1 in HCT116,,,,,male,,no,,,,,,SRA492450,,public,46D752C8ECD979CF9402CED2C7BAB019,035EC258FF175714CE032119DA08821A
SRR5009449,2017-01-09 12:28:26,2016-11-09 17:40:28,570562,148093953,570562,259,80,,https://sra-download.ncbi.nlm.nih.gov/traces/sra2/SRR/004892/SRR5009449,SRX2340645,siPCBP3-2_RNA-Seq_targeted_MiSeq,RNA-Seq,RT-PCR,TRANSCRIPTOMIC,PAIRED,0,0,ILLUMINA,Illumina MiSeq,SRP091981,PRJNA321560,,321560,SRS1757319,SAMN05919752,simple,9606,Homo sapiens,siPCBP3-2 in HCT116,,,,,male,,no,,,,,,SRA492450,,public,F694E75689A00CE5516759422F9D63BF,70EDBFAF0B2984182036273A9DD29F63
SRR5009417,2017-01-09 12:28:26,2016-11-09 17:40:03,796764,207405204,796764,260,109,,https://sra-download.ncbi.nlm.nih.gov/traces/sra6/SRR/004892/SRR5009417,SRX2340613,siPCBP4-3_RNA-Seq_targeted_MiSeq,RNA-Seq,RT-PCR,TRANSCRIPTOMIC,PAIRED,0,0,ILLUMINA,Illumina MiSeq,SRP091981,PRJNA321560,,321560,SRS1757318,SAMN05919753,simple,9606,Homo sapiens,siPCBP4-3 in HCT116,,,,,male,,no,,,,,,SRA492450,,public,42AFFD69CB5E3B3F01B000E9BED895E6,807E92ADD8583CEB69D43025C3A80BFA
SRR5009485,2017-01-09 12:28:26,2016-11-09 17:43:58,795864,204406975,795864,256,109,,https://sra-download.ncbi.nlm.nih.gov/traces/sra2/SRR/004892/SRR5009485,SRX2340681,siPCBP4-4_RNA-Seq_targeted_MiSeq,RNA-Seq,RT-PCR,TRANSCRIPTOMIC,PAIRED,0,0,ILLUMINA,Illumina MiSeq,SRP091981,PRJNA321560,,321560,SRS1757317,SAMN05919754,simple,9606,Homo sapiens,siPCBP4-4 in HCT116,,,,,male,,no,,,,,,SRA492450,,public,D026EDCC10FB6D5A02CAC7F5260A2489,279CB3B430711FD236BDAB232AEA1133
SRR5009454,2017-01-09 12:28:26,2016-11-09 17:40:58,787029,211406745,787029,268,114,,https://sra-download.ncbi.nlm.nih.gov/traces/sra6/SRR/004892/SRR5009454,SRX2340650,siPRPF8-4_RNA-Seq_targeted_MiSeq,RNA-Seq,RT-PCR,TRANSCRIPTOMIC,PAIRED,0,0,ILLUMINA,Illumina MiSeq,SRP091981,PRJNA321560,,321560,SRS1757316,SAMN05919755,simple,9606,Homo sapiens,siPRPF8-4 in HCT116,,,,,male,,no,,,,,,SRA492450,,public,2FB9CA1EC44E69F5B1A971A9E22BFEFE,415CD4B19E93D1B055EBCBDAAD267A14
SRR5009456,2017-01-09 12:28:26,2016-11-09 17:41:03,571929,156036948,571929,272,81,,https://sra-download.ncbi.nlm.nih.gov/traces/sra12/SRR/004892/SRR5009456,SRX2340652,siPTBP2-2_RNA-Seq_targeted_MiSeq,RNA-Seq,RT-PCR,TRANSCRIPTOMIC,PAIRED,0,0,ILLUMINA,Illumina MiSeq,SRP091981,PRJNA321560,,321560,SRS1757313,SAMN05919758,simple,9606,Homo sapiens,siPTBP2-2 in HCT116,,,,,male,,no,,,,,,SRA492450,,public,51B9BE6055CC239269DFF2AAB8F91CBF,0319442F65E073CF97F412D99CB3334A
SRR5009374,2017-01-09 12:28:26,2016-11-09 17:39:05,735839,201963488,735839,274,101,,https://sra-download.ncbi.nlm.nih.gov/traces/sra12/SRR/004891/SRR5009374,SRX2340570,siPTBP3-3_RNA-Seq_targeted_MiSeq,RNA-Seq,RT-PCR,TRANSCRIPTOMIC,PAIRED,0,0,ILLUMINA,Illumina MiSeq,SRP091981,PRJNA321560,,321560,SRS1757311,SAMN05919760,simple,9606,Homo sapiens,siPTBP3-3 in HCT116,,,,,male,,no,,,,,,SRA492450,,public,89A21EAF9D1D8E9178965F76F79F8870,64454795A396E6AC59F64EC71A122D20
SRR5009480,2017-01-09 12:28:26,2016-11-09 17:43:02,208629,59224342,208629,283,33,,https://sra-download.ncbi.nlm.nih.gov/traces/sra2/SRR/004892/SRR5009480,SRX2340676,siRALY-1_RNA-Seq_targeted_MiSeq,RNA-Seq,RT-PCR,TRANSCRIPTOMIC,PAIRED,0,0,ILLUMINA,Illumina MiSeq,SRP091981,PRJNA321560,,321560,SRS1757360,SAMN05919761,simple,9606,Homo sapiens,siRALY-1 in HCT116,,,,,male,,no,,,,,,SRA492450,,public,DFC4F1A5BE6A8AA34E0CC8F2FC3B7C06,B75BF5B466CE64B615B14BC6C90D3960
SRR5009427,2017-01-09 12:28:26,2016-11-09 17:39:54,186618,52735527,186618,282,29,,https://sra-download.ncbi.nlm.nih.gov/traces/sra12/SRR/004892/SRR5009427,SRX2340623,siRBM24-3_RNA-Seq_targeted_MiSeq,RNA-Seq,RT-PCR,TRANSCRIPTOMIC,PAIRED,0,0,ILLUMINA,Illumina MiSeq,SRP091981,PRJNA321560,,321560,SRS1757358,SAMN05919763,simple,9606,Homo sapiens,siRBM24-3 in HCT116,,,,,male,,no,,,,,,SRA492450,,public,1BE6C5704EFB26E9B884CD653F40B617,10A6059AD9CE6186EF3F3B609353575B
SRR5009466,2017-01-09 12:28:26,2016-11-09 17:42:23,254071,72340278,254071,284,40,,https://sra-download.ncbi.nlm.nih.gov/traces/sra6/SRR/004892/SRR5009466,SRX2340662,siRBM24-4_RNA-Seq_targeted_MiSeq,RNA-Seq,RT-PCR,TRANSCRIPTOMIC,PAIRED,0,0,ILLUMINA,Illumina MiSeq,SRP091981,PRJNA321560,,321560,SRS1757359,SAMN05919764,simple,9606,Homo sapiens,siRBM24-4 in HCT116,,,,,male,,no,,,,,,SRA492450,,public,5545A54443238C273DC68B0B7CE9FB76,CD2AD0B6077D24900D07634C1FBC5C08
SRR5009430,2017-01-09 12:28:26,2016-11-09 17:39:49,637763,179222533,637763,281,92,,https://sra-download.ncbi.nlm.nih.gov/traces/sra8/SRR/004892/SRR5009430,SRX2340626,siRBM38-2_RNA-Seq_targeted_MiSeq,RNA-Seq,RT-PCR,TRANSCRIPTOMIC,PAIRED,0,0,ILLUMINA,Illumina MiSeq,SRP091981,PRJNA321560,,321560,SRS1757356,SAMN05919765,simple,9606,Homo sapiens,siRBM38-2 in HCT116,,,,,male,,no,,,,,,SRA492450,,public,5005D675F25BFDAC1EABAF3231759124,877BFFF0C5107138E09C3A7C0FED42B2
SRR5009441,2017-01-09 12:28:26,2016-11-09 17:39:52,472228,130742398,472228,276,74,,https://sra-download.ncbi.nlm.nih.gov/traces/sra8/SRR/004892/SRR5009441,SRX2340637,siRBM4-1_RNA-Seq_targeted_MiSeq,RNA-Seq,RT-PCR,TRANSCRIPTOMIC,PAIRED,0,0,ILLUMINA,Illumina MiSeq,SRP091981,PRJNA321560,,321560,SRS1757354,SAMN05919767,simple,9606,Homo sapiens,siRBM4-1 in HCT116,,,,,male,,no,,,,,,SRA492450,,public,E0C13758AD4E8D24FCB37F62362C6E6F,87D68614BF271341D0AA7146D808AFF6
SRR5009471,2017-01-09 12:28:26,2016-11-09 17:42:37,264895,75542955,264895,285,43,,https://sra-download.ncbi.nlm.nih.gov/traces/sra8/SRR/004892/SRR5009471,SRX2340667,siRBM4-2_RNA-Seq_targeted_MiSeq,RNA-Seq,RT-PCR,TRANSCRIPTOMIC,PAIRED,0,0,ILLUMINA,Illumina MiSeq,SRP091981,PRJNA321560,,321560,SRS1757355,SAMN05919768,simple,9606,Homo sapiens,siRBM4-2 in HCT116,,,,,male,,no,,,,,,SRA492450,,public,D9DCBEE57C923CEFBA0E940A0CA02BE7,DD3D36F43A9ABE2A4F7AA299A5DB6363
SRR5009450,2017-01-09 12:28:26,2016-11-09 17:40:39,504275,143337823,504275,284,83,,https://sra-download.ncbi.nlm.nih.gov/traces/sra6/SRR/004892/SRR5009450,SRX2340646,siSAMD4B-1_RNA-Seq_targeted_MiSeq,RNA-Seq,RT-PCR,TRANSCRIPTOMIC,PAIRED,0,0,ILLUMINA,Illumina MiSeq,SRP091981,PRJNA321560,,321560,SRS1757362,SAMN05919769,simple,9606,Homo sapiens,siSAMD4B-1 in HCT116,,,,,male,,no,,,,,,SRA492450,,public,AA3C58FBC1374A56B6D329794B79F83D,63FD3742F226527DF345E42159A05417
SRR5009395,2017-01-09 12:28:26,2016-11-09 17:38:55,445323,125178195,445323,281,72,,https://sra-download.ncbi.nlm.nih.gov/traces/sra8/SRR/004891/SRR5009395,SRX2340591,siSAMD4B-4_RNA-Seq_targeted_MiSeq,RNA-Seq,RT-PCR,TRANSCRIPTOMIC,PAIRED,0,0,ILLUMINA,Illumina MiSeq,SRP091981,PRJNA321560,,321560,SRS1757363,SAMN05919770,simple,9606,Homo sapiens,siSAMD4B-4 in HCT116,,,,,male,,no,,,,,,SRA492450,,public,5B58411FA1D9D9808AF7CDBD8BA5D413,54666309AB730AB741A839F2C493B575
SRR5009473,2017-01-09 12:28:26,2016-11-09 17:44:43,4316984,1176232136,4316984,272,672,,https://sra-download.ncbi.nlm.nih.gov/traces/sra6/SRR/004892/SRR5009473,SRX2340669,siSFPQ-3_RNA-Seq_targeted_MiSeq,RNA-Seq,RT-PCR,TRANSCRIPTOMIC,PAIRED,0,0,ILLUMINA,Illumina MiSeq,SRP091981,PRJNA321560,,321560,SRS1757339,SAMN05919771,simple,9606,Homo sapiens,siSFPQ-3 in HCT116,,,,,male,,no,,,,,,SRA492450,,public,56B3DFE850D5F1ECC875BD653514DF62,EFF824E7BAD0728058930BF0F66D2DC1
SRR5009478,2017-01-09 12:28:26,2016-11-09 17:44:17,1194084,335866432,1194084,281,190,,https://sra-download.ncbi.nlm.nih.gov/traces/sra7/SRR/004892/SRR5009478,SRX2340674,siSFPQ-4_RNA-Seq_targeted_MiSeq,RNA-Seq,RT-PCR,TRANSCRIPTOMIC,PAIRED,0,0,ILLUMINA,Illumina MiSeq,SRP091981,PRJNA321560,,321560,SRS1757338,SAMN05919772,simple,9606,Homo sapiens,siSFPQ-4 in HCT116,,,,,male,,no,,,,,,SRA492450,,public,57D7DBA305646F13A29E344BA68E3E82,D5753669E22D377177FBB8B94EB540BB
SRR5009393,2017-01-09 12:28:26,2016-11-09 17:39:10,703799,194767818,703799,276,102,,https://sra-download.ncbi.nlm.nih.gov/traces/sra15/SRR/004891/SRR5009393,SRX2340589,siSRRM2-4_RNA-Seq_targeted_MiSeq,RNA-Seq,RT-PCR,TRANSCRIPTOMIC,PAIRED,0,0,ILLUMINA,Illumina MiSeq,SRP091981,PRJNA321560,,321560,SRS1757340,SAMN05919774,simple,9606,Homo sapiens,siSRRM2-4 in HCT116,,,,,male,,no,,,,,,SRA492450,,public,B9C52D81794CA6C0FE7604F9BC17461F,F0C4A9F08FB1F5147BF66F393CA47893
SRR5009407,2017-01-09 12:28:26,2016-11-09 17:39:06,788038,209551667,788038,265,108,,https://sra-download.ncbi.nlm.nih.gov/traces/sra8/SRR/004891/SRR5009407,SRX2340603,siSRSF1-2_RNA-Seq_targeted_MiSeq,RNA-Seq,RT-PCR,TRANSCRIPTOMIC,PAIRED,0,0,ILLUMINA,Illumina MiSeq,SRP091981,PRJNA321560,,321560,SRS1757334,SAMN05919776,simple,9606,Homo sapiens,siSRSF1-2 in HCT116,,,,,male,,no,,,,,,SRA492450,,public,B384523C32782532BB1302E959311FF0,6AEEBD1DA8F68BCDF2B36F17FDB90643
SRR5009391,2017-01-09 12:28:26,2016-11-09 17:39:03,657179,185844432,657179,282,97,,https://sra-download.ncbi.nlm.nih.gov/traces/sra7/SRR/004891/SRR5009391,SRX2340587,siSRSF1-3_RNA-Seq_targeted_MiSeq,RNA-Seq,RT-PCR,TRANSCRIPTOMIC,PAIRED,0,0,ILLUMINA,Illumina MiSeq,SRP091981,PRJNA321560,,321560,SRS1757337,SAMN05919777,simple,9606,Homo sapiens,siSRSF1-3 in HCT116,,,,,male,,no,,,,,,SRA492450,,public,D0BDE3F5BD2F84DA648920595BD154C5,4BD7DDFB96C970B021B7760956DBB242
SRR5009476,2017-01-09 12:28:26,2016-11-09 17:43:34,1608209,465938423,1608209,289,259,,https://sra-download.ncbi.nlm.nih.gov/traces/sra13/SRR/004892/SRR5009476,SRX2340672,siSRSF4-2_RNA-Seq_targeted_MiSeq,RNA-Seq,RT-PCR,TRANSCRIPTOMIC,PAIRED,0,0,ILLUMINA,Illumina MiSeq,SRP091981,PRJNA321560,,321560,SRS1757336,SAMN05919778,simple,9606,Homo sapiens,siSRSF4-2 in HCT116,,,,,male,,no,,,,,,SRA492450,,public,435B8426204D3D1B7DC5E46EC8BDCFC1,4D636BC7B8CFDA8B13CC889A2732532F
SRR5009382,2017-01-09 12:28:26,2016-11-09 17:39:16,583192,156541264,583192,268,87,,https://sra-download.ncbi.nlm.nih.gov/traces/sra8/SRR/004891/SRR5009382,SRX2340578,siSRSF4-4_RNA-Seq_targeted_MiSeq,RNA-Seq,RT-PCR,TRANSCRIPTOMIC,PAIRED,0,0,ILLUMINA,Illumina MiSeq,SRP091981,PRJNA321560,,321560,SRS1757343,SAMN05919779,simple,9606,Homo sapiens,siSRSF4-4 in HCT116,,,,,male,,no,,,,,,SRA492450,,public,5356EBC95D821A19E1AF663AF222BA18,7FD06E1F4BD9A90C11D606614B41FE52
SRR5009431,2017-01-09 12:28:26,2016-11-09 17:39:45,383353,112330175,383353,293,62,,https://sra-download.ncbi.nlm.nih.gov/traces/sra13/SRR/004892/SRR5009431,SRX2340627,siSRSF6-1_RNA-Seq_targeted_MiSeq,RNA-Seq,RT-PCR,TRANSCRIPTOMIC,PAIRED,0,0,ILLUMINA,Illumina MiSeq,SRP091981,PRJNA321560,,321560,SRS1757342,SAMN05919780,simple,9606,Homo sapiens,siSRSF6-1 in HCT116,,,,,male,,no,,,,,,SRA492450,,public,B206B96EB50CB5C8732A949B6CBD6F5A,C638B6994D6DE3C2B8F783F87D0B8BA6
SRR5009439,2017-01-09 12:28:26,2016-11-09 17:39:46,338933,96830712,338933,285,53,,https://sra-download.ncbi.nlm.nih.gov/traces/sra15/SRR/004892/SRR5009439,SRX2340635,siSRSF6-2_RNA-Seq_targeted_MiSeq,RNA-Seq,RT-PCR,TRANSCRIPTOMIC,PAIRED,0,0,ILLUMINA,Illumina MiSeq,SRP091981,PRJNA321560,,321560,SRS1757309,SAMN05919781,simple,9606,Homo sapiens,siSRSF6-2 in HCT116,,,,,male,,no,,,,,,SRA492450,,public,935093E09A5B44FE5B76A2DFFE59F99A,58580FD1AD0142794FD1D903ADF1087E
SRR5009458,2017-01-09 12:28:26,2016-11-09 17:41:06,306052,80808721,306052,264,45,,https://sra-download.ncbi.nlm.nih.gov/traces/sra13/SRR/004892/SRR5009458,SRX2340654,siSRSF9-3_RNA-Seq_targeted_MiSeq,RNA-Seq,RT-PCR,TRANSCRIPTOMIC,PAIRED,0,0,ILLUMINA,Illumina MiSeq,SRP091981,PRJNA321560,,321560,SRS1757310,SAMN05919782,simple,9606,Homo sapiens,siSRSF9-3 in HCT116,,,,,male,,no,,,,,,SRA492450,,public,DFFED6502449E3536086742789F4B1D2,92275CB92FFE4DB79A8EBA7C101A2830
SRR5009472,2017-01-09 12:28:26,2016-11-09 17:42:46,556372,152054914,556372,273,78,,https://sra-download.ncbi.nlm.nih.gov/traces/sra15/SRR/004892/SRR5009472,SRX2340668,siTIA1-1_RNA-Seq_targeted_MiSeq,RNA-Seq,RT-PCR,TRANSCRIPTOMIC,PAIRED,0,0,ILLUMINA,Illumina MiSeq,SRP091981,PRJNA321560,,321560,SRS1757307,SAMN05919783,simple,9606,Homo sapiens,siTIA1-1 in HCT116,,,,,male,,no,,,,,,SRA492450,,public,4CE5CB5E109D3DA4B0B05E93B9254D47,B29EE33C6753BE19F700A8E2AE379676
SRR5009369,2017-01-09 12:28:26,2016-11-09 17:38:48,222257,58601231,222257,263,32,,https://sra-download.ncbi.nlm.nih.gov/traces/sra2/SRR/004891/SRR5009369,SRX2340565,siU2AF2-3_RNA-Seq_targeted_MiSeq,RNA-Seq,RT-PCR,TRANSCRIPTOMIC,PAIRED,0,0,ILLUMINA,Illumina MiSeq,SRP091981,PRJNA321560,,321560,SRS1757308,SAMN05919784,simple,9606,Homo sapiens,siU2AF2-3 in HCT116,,,,,male,,no,,,,,,SRA492450,,public,B522F6482EA8C48DF20233BD2283E481,B0F20D7B8F7DA8D68694F21861CBDB1F
SRR5009484,2017-01-09 12:28:26,2016-11-09 17:43:29,280152,78291235,280152,279,43,,https://sra-download.ncbi.nlm.nih.gov/traces/sra1/SRR/004892/SRR5009484,SRX2340680,siU2AF2-4_RNA-Seq_targeted_MiSeq,RNA-Seq,RT-PCR,TRANSCRIPTOMIC,PAIRED,0,0,ILLUMINA,Illumina MiSeq,SRP091981,PRJNA321560,,321560,SRS1757306,SAMN05919785,simple,9606,Homo sapiens,siU2AF2-4 in HCT116,,,,,male,,no,,,,,,SRA492450,,public,FC2C6F997A5281FBDBB642114F128FDE,D803C9693B565E1572AAF63E2391453D

